production line ,work order IDs,product type,timestamps ,Station,WIP quantity
Line1,WO001,TYPEA,2023/1/1 00:00,Station_1,1000
Line1,WO001,TYPEA,2023/1/1 00:00,Station_2,0
Line1,WO001,TYPEA,2023/1/1 00:00,Station_3,0
Line1,WO001,TYPEA,2023/1/1 00:00,Station_4,0
Line1,WO001,TYPEA,2023/1/1 00:05,Station_1,987
Line1,WO001,TYPEA,2023/1/1 00:05,Station_2,13
Line1,WO001,TYPEA,2023/1/1 00:05,Station_3,0
Line1,WO001,TYPEA,2023/1/1 00:05,Station_4,0
Line1,WO001,TYPEA,2023/1/1 00:10,Station_1,974
Line1,WO001,TYPEA,2023/1/1 00:10,Station_2,26
Line1,WO001,TYPEA,2023/1/1 00:10,Station_3,0
Line1,WO001,TYPEA,2023/1/1 00:10,Station_4,0
Line1,WO001,TYPEA,2023/1/1 00:15,Station_1,960
Line1,WO001,TYPEA,2023/1/1 00:15,Station_2,40
Line1,WO001,TYPEA,2023/1/1 00:15,Station_3,0
Line1,WO001,TYPEA,2023/1/1 00:15,Station_4,0
Line1,WO001,TYPEA,2023/1/1 00:20,Station_1,948
Line1,WO001,TYPEA,2023/1/1 00:20,Station_2,52
Line1,WO001,TYPEA,2023/1/1 00:20,Station_3,0
Line1,WO001,TYPEA,2023/1/1 00:20,Station_4,0
Line1,WO001,TYPEA,2023/1/1 00:25,Station_1,937
Line1,WO001,TYPEA,2023/1/1 00:25,Station_2,63
Line1,WO001,TYPEA,2023/1/1 00:25,Station_3,0
Line1,WO001,TYPEA,2023/1/1 00:25,Station_4,0
Line1,WO001,TYPEA,2023/1/1 00:30,Station_1,927
Line1,WO001,TYPEA,2023/1/1 00:30,Station_2,73
Line1,WO001,TYPEA,2023/1/1 00:30,Station_3,0
Line1,WO001,TYPEA,2023/1/1 00:30,Station_4,0
Line1,WO001,TYPEA,2023/1/1 00:35,Station_1,917
Line1,WO001,TYPEA,2023/1/1 00:35,Station_2,83
Line1,WO001,TYPEA,2023/1/1 00:35,Station_3,0
Line1,WO001,TYPEA,2023/1/1 00:35,Station_4,0
Line1,WO001,TYPEA,2023/1/1 00:40,Station_1,905
Line1,WO001,TYPEA,2023/1/1 00:40,Station_2,95
Line1,WO001,TYPEA,2023/1/1 00:40,Station_3,0
Line1,WO001,TYPEA,2023/1/1 00:40,Station_4,0
Line1,WO001,TYPEA,2023/1/1 00:45,Station_1,894
Line1,WO001,TYPEA,2023/1/1 00:45,Station_2,106
Line1,WO001,TYPEA,2023/1/1 00:45,Station_3,0
Line1,WO001,TYPEA,2023/1/1 00:45,Station_4,0
Line1,WO001,TYPEA,2023/1/1 00:50,Station_1,884
Line1,WO001,TYPEA,2023/1/1 00:50,Station_2,116
Line1,WO001,TYPEA,2023/1/1 00:50,Station_3,0
Line1,WO001,TYPEA,2023/1/1 00:50,Station_4,0
Line1,WO001,TYPEA,2023/1/1 00:55,Station_1,873
Line1,WO001,TYPEA,2023/1/1 00:55,Station_2,127
Line1,WO001,TYPEA,2023/1/1 00:55,Station_3,0
Line1,WO001,TYPEA,2023/1/1 00:55,Station_4,0
Line1,WO001,TYPEA,2023/1/1 01:00,Station_1,863
Line1,WO001,TYPEA,2023/1/1 01:00,Station_2,137
Line1,WO001,TYPEA,2023/1/1 01:00,Station_3,0
Line1,WO001,TYPEA,2023/1/1 01:00,Station_4,0
Line1,WO001,TYPEA,2023/1/1 01:05,Station_1,853
Line1,WO001,TYPEA,2023/1/1 01:05,Station_2,147
Line1,WO001,TYPEA,2023/1/1 01:05,Station_3,0
Line1,WO001,TYPEA,2023/1/1 01:05,Station_4,0
Line1,WO001,TYPEA,2023/1/1 01:10,Station_1,840
Line1,WO001,TYPEA,2023/1/1 01:10,Station_2,160
Line1,WO001,TYPEA,2023/1/1 01:10,Station_3,0
Line1,WO001,TYPEA,2023/1/1 01:10,Station_4,0
Line1,WO001,TYPEA,2023/1/1 01:15,Station_1,826
Line1,WO001,TYPEA,2023/1/1 01:15,Station_2,174
Line1,WO001,TYPEA,2023/1/1 01:15,Station_3,0
Line1,WO001,TYPEA,2023/1/1 01:15,Station_4,0
Line1,WO001,TYPEA,2023/1/1 01:20,Station_1,816
Line1,WO001,TYPEA,2023/1/1 01:20,Station_2,184
Line1,WO001,TYPEA,2023/1/1 01:20,Station_3,0
Line1,WO001,TYPEA,2023/1/1 01:20,Station_4,0
Line1,WO001,TYPEA,2023/1/1 01:25,Station_1,803
Line1,WO001,TYPEA,2023/1/1 01:25,Station_2,197
Line1,WO001,TYPEA,2023/1/1 01:25,Station_3,0
Line1,WO001,TYPEA,2023/1/1 01:25,Station_4,0
Line1,WO001,TYPEA,2023/1/1 01:30,Station_1,793
Line1,WO001,TYPEA,2023/1/1 01:30,Station_2,207
Line1,WO001,TYPEA,2023/1/1 01:30,Station_3,0
Line1,WO001,TYPEA,2023/1/1 01:30,Station_4,0
Line1,WO001,TYPEA,2023/1/1 01:35,Station_1,783
Line1,WO001,TYPEA,2023/1/1 01:35,Station_2,217
Line1,WO001,TYPEA,2023/1/1 01:35,Station_3,0
Line1,WO001,TYPEA,2023/1/1 01:35,Station_4,0
Line1,WO001,TYPEA,2023/1/1 01:40,Station_1,773
Line1,WO001,TYPEA,2023/1/1 01:40,Station_2,227
Line1,WO001,TYPEA,2023/1/1 01:40,Station_3,0
Line1,WO001,TYPEA,2023/1/1 01:40,Station_4,0
Line1,WO001,TYPEA,2023/1/1 01:45,Station_1,763
Line1,WO001,TYPEA,2023/1/1 01:45,Station_2,237
Line1,WO001,TYPEA,2023/1/1 01:45,Station_3,0
Line1,WO001,TYPEA,2023/1/1 01:45,Station_4,0
Line1,WO001,TYPEA,2023/1/1 01:50,Station_1,750
Line1,WO001,TYPEA,2023/1/1 01:50,Station_2,250
Line1,WO001,TYPEA,2023/1/1 01:50,Station_3,0
Line1,WO001,TYPEA,2023/1/1 01:50,Station_4,0
Line1,WO001,TYPEA,2023/1/1 01:55,Station_1,737
Line1,WO001,TYPEA,2023/1/1 01:55,Station_2,263
Line1,WO001,TYPEA,2023/1/1 01:55,Station_3,0
Line1,WO001,TYPEA,2023/1/1 01:55,Station_4,0
Line1,WO001,TYPEA,2023/1/1 02:00,Station_1,726
Line1,WO001,TYPEA,2023/1/1 02:00,Station_2,274
Line1,WO001,TYPEA,2023/1/1 02:00,Station_3,0
Line1,WO001,TYPEA,2023/1/1 02:00,Station_4,0
Line1,WO001,TYPEA,2023/1/1 02:05,Station_1,712
Line1,WO001,TYPEA,2023/1/1 02:05,Station_2,288
Line1,WO001,TYPEA,2023/1/1 02:05,Station_3,0
Line1,WO001,TYPEA,2023/1/1 02:05,Station_4,0
Line1,WO001,TYPEA,2023/1/1 02:10,Station_1,702
Line1,WO001,TYPEA,2023/1/1 02:10,Station_2,298
Line1,WO001,TYPEA,2023/1/1 02:10,Station_3,0
Line1,WO001,TYPEA,2023/1/1 02:10,Station_4,0
Line1,WO001,TYPEA,2023/1/1 02:15,Station_1,689
Line1,WO001,TYPEA,2023/1/1 02:15,Station_2,311
Line1,WO001,TYPEA,2023/1/1 02:15,Station_3,0
Line1,WO001,TYPEA,2023/1/1 02:15,Station_4,0
Line1,WO001,TYPEA,2023/1/1 02:20,Station_1,679
Line1,WO001,TYPEA,2023/1/1 02:20,Station_2,321
Line1,WO001,TYPEA,2023/1/1 02:20,Station_3,0
Line1,WO001,TYPEA,2023/1/1 02:20,Station_4,0
Line1,WO001,TYPEA,2023/1/1 02:25,Station_1,667
Line1,WO001,TYPEA,2023/1/1 02:25,Station_2,333
Line1,WO001,TYPEA,2023/1/1 02:25,Station_3,0
Line1,WO001,TYPEA,2023/1/1 02:25,Station_4,0
Line1,WO001,TYPEA,2023/1/1 02:30,Station_1,657
Line1,WO001,TYPEA,2023/1/1 02:30,Station_2,343
Line1,WO001,TYPEA,2023/1/1 02:30,Station_3,0
Line1,WO001,TYPEA,2023/1/1 02:30,Station_4,0
Line1,WO001,TYPEA,2023/1/1 02:35,Station_1,643
Line1,WO001,TYPEA,2023/1/1 02:35,Station_2,357
Line1,WO001,TYPEA,2023/1/1 02:35,Station_3,0
Line1,WO001,TYPEA,2023/1/1 02:35,Station_4,0
Line1,WO001,TYPEA,2023/1/1 02:40,Station_1,629
Line1,WO001,TYPEA,2023/1/1 02:40,Station_2,371
Line1,WO001,TYPEA,2023/1/1 02:40,Station_3,0
Line1,WO001,TYPEA,2023/1/1 02:40,Station_4,0
Line1,WO001,TYPEA,2023/1/1 02:45,Station_1,617
Line1,WO001,TYPEA,2023/1/1 02:45,Station_2,383
Line1,WO001,TYPEA,2023/1/1 02:45,Station_3,0
Line1,WO001,TYPEA,2023/1/1 02:45,Station_4,0
Line1,WO001,TYPEA,2023/1/1 02:50,Station_1,607
Line1,WO001,TYPEA,2023/1/1 02:50,Station_2,393
Line1,WO001,TYPEA,2023/1/1 02:50,Station_3,0
Line1,WO001,TYPEA,2023/1/1 02:50,Station_4,0
Line1,WO001,TYPEA,2023/1/1 02:55,Station_1,593
Line1,WO001,TYPEA,2023/1/1 02:55,Station_2,407
Line1,WO001,TYPEA,2023/1/1 02:55,Station_3,0
Line1,WO001,TYPEA,2023/1/1 02:55,Station_4,0
Line1,WO001,TYPEA,2023/1/1 03:00,Station_1,583
Line1,WO001,TYPEA,2023/1/1 03:00,Station_2,417
Line1,WO001,TYPEA,2023/1/1 03:00,Station_3,0
Line1,WO001,TYPEA,2023/1/1 03:00,Station_4,0
Line1,WO001,TYPEA,2023/1/1 03:05,Station_1,569
Line1,WO001,TYPEA,2023/1/1 03:05,Station_2,431
Line1,WO001,TYPEA,2023/1/1 03:05,Station_3,0
Line1,WO001,TYPEA,2023/1/1 03:05,Station_4,0
Line1,WO001,TYPEA,2023/1/1 03:10,Station_1,559
Line1,WO001,TYPEA,2023/1/1 03:10,Station_2,441
Line1,WO001,TYPEA,2023/1/1 03:10,Station_3,0
Line1,WO001,TYPEA,2023/1/1 03:10,Station_4,0
Line1,WO001,TYPEA,2023/1/1 03:15,Station_1,545
Line1,WO001,TYPEA,2023/1/1 03:15,Station_2,455
Line1,WO001,TYPEA,2023/1/1 03:15,Station_3,0
Line1,WO001,TYPEA,2023/1/1 03:15,Station_4,0
Line1,WO001,TYPEA,2023/1/1 03:20,Station_1,532
Line1,WO001,TYPEA,2023/1/1 03:20,Station_2,468
Line1,WO001,TYPEA,2023/1/1 03:20,Station_3,0
Line1,WO001,TYPEA,2023/1/1 03:20,Station_4,0
Line1,WO001,TYPEA,2023/1/1 03:25,Station_1,521
Line1,WO001,TYPEA,2023/1/1 03:25,Station_2,479
Line1,WO001,TYPEA,2023/1/1 03:25,Station_3,0
Line1,WO001,TYPEA,2023/1/1 03:25,Station_4,0
Line1,WO001,TYPEA,2023/1/1 03:30,Station_1,511
Line1,WO001,TYPEA,2023/1/1 03:30,Station_2,489
Line1,WO001,TYPEA,2023/1/1 03:30,Station_3,0
Line1,WO001,TYPEA,2023/1/1 03:30,Station_4,0
Line1,WO001,TYPEA,2023/1/1 03:35,Station_1,499
Line1,WO001,TYPEA,2023/1/1 03:35,Station_2,501
Line1,WO001,TYPEA,2023/1/1 03:35,Station_3,0
Line1,WO001,TYPEA,2023/1/1 03:35,Station_4,0
Line1,WO001,TYPEA,2023/1/1 03:40,Station_1,487
Line1,WO001,TYPEA,2023/1/1 03:40,Station_2,499
Line1,WO001,TYPEA,2023/1/1 03:40,Station_3,14
Line1,WO001,TYPEA,2023/1/1 03:40,Station_4,0
Line1,WO001,TYPEA,2023/1/1 03:45,Station_1,477
Line1,WO001,TYPEA,2023/1/1 03:45,Station_2,487
Line1,WO001,TYPEA,2023/1/1 03:45,Station_3,36
Line1,WO001,TYPEA,2023/1/1 03:45,Station_4,0
Line1,WO001,TYPEA,2023/1/1 03:50,Station_1,467
Line1,WO001,TYPEA,2023/1/1 03:50,Station_2,477
Line1,WO001,TYPEA,2023/1/1 03:50,Station_3,56
Line1,WO001,TYPEA,2023/1/1 03:50,Station_4,0
Line1,WO001,TYPEA,2023/1/1 03:55,Station_1,454
Line1,WO001,TYPEA,2023/1/1 03:55,Station_2,467
Line1,WO001,TYPEA,2023/1/1 03:55,Station_3,79
Line1,WO001,TYPEA,2023/1/1 03:55,Station_4,0
Line1,WO001,TYPEA,2023/1/1 04:00,Station_1,440
Line1,WO001,TYPEA,2023/1/1 04:00,Station_2,454
Line1,WO001,TYPEA,2023/1/1 04:00,Station_3,106
Line1,WO001,TYPEA,2023/1/1 04:00,Station_4,0
Line1,WO001,TYPEA,2023/1/1 04:05,Station_1,429
Line1,WO001,TYPEA,2023/1/1 04:05,Station_2,440
Line1,WO001,TYPEA,2023/1/1 04:05,Station_3,131
Line1,WO001,TYPEA,2023/1/1 04:05,Station_4,0
Line1,WO001,TYPEA,2023/1/1 04:10,Station_1,415
Line1,WO001,TYPEA,2023/1/1 04:10,Station_2,429
Line1,WO001,TYPEA,2023/1/1 04:10,Station_3,156
Line1,WO001,TYPEA,2023/1/1 04:10,Station_4,0
Line1,WO001,TYPEA,2023/1/1 04:15,Station_1,404
Line1,WO001,TYPEA,2023/1/1 04:15,Station_2,415
Line1,WO001,TYPEA,2023/1/1 04:15,Station_3,181
Line1,WO001,TYPEA,2023/1/1 04:15,Station_4,0
Line1,WO001,TYPEA,2023/1/1 04:20,Station_1,394
Line1,WO001,TYPEA,2023/1/1 04:20,Station_2,404
Line1,WO001,TYPEA,2023/1/1 04:20,Station_3,202
Line1,WO001,TYPEA,2023/1/1 04:20,Station_4,0
Line1,WO001,TYPEA,2023/1/1 04:25,Station_1,381
Line1,WO001,TYPEA,2023/1/1 04:25,Station_2,394
Line1,WO001,TYPEA,2023/1/1 04:25,Station_3,225
Line1,WO001,TYPEA,2023/1/1 04:25,Station_4,0
Line1,WO001,TYPEA,2023/1/1 04:30,Station_1,370
Line1,WO001,TYPEA,2023/1/1 04:30,Station_2,381
Line1,WO001,TYPEA,2023/1/1 04:30,Station_3,249
Line1,WO001,TYPEA,2023/1/1 04:30,Station_4,0
Line1,WO001,TYPEA,2023/1/1 04:35,Station_1,357
Line1,WO001,TYPEA,2023/1/1 04:35,Station_2,370
Line1,WO001,TYPEA,2023/1/1 04:35,Station_3,273
Line1,WO001,TYPEA,2023/1/1 04:35,Station_4,0
Line1,WO001,TYPEA,2023/1/1 04:40,Station_1,343
Line1,WO001,TYPEA,2023/1/1 04:40,Station_2,357
Line1,WO001,TYPEA,2023/1/1 04:40,Station_3,300
Line1,WO001,TYPEA,2023/1/1 04:40,Station_4,0
Line1,WO001,TYPEA,2023/1/1 04:45,Station_1,333
Line1,WO001,TYPEA,2023/1/1 04:45,Station_2,343
Line1,WO001,TYPEA,2023/1/1 04:45,Station_3,324
Line1,WO001,TYPEA,2023/1/1 04:45,Station_4,0
Line1,WO001,TYPEA,2023/1/1 04:50,Station_1,319
Line1,WO001,TYPEA,2023/1/1 04:50,Station_2,333
Line1,WO001,TYPEA,2023/1/1 04:50,Station_3,343
Line1,WO001,TYPEA,2023/1/1 04:50,Station_4,5
Line1,WO001,TYPEA,2023/1/1 04:55,Station_1,305
Line1,WO001,TYPEA,2023/1/1 04:55,Station_2,319
Line1,WO001,TYPEA,2023/1/1 04:55,Station_3,333
Line1,WO001,TYPEA,2023/1/1 04:55,Station_4,43
Line1,WO001,TYPEA,2023/1/1 05:00,Station_1,292
Line1,WO001,TYPEA,2023/1/1 05:00,Station_2,305
Line1,WO001,TYPEA,2023/1/1 05:00,Station_3,319
Line1,WO001,TYPEA,2023/1/1 05:00,Station_4,84
Line1,WO001,TYPEA,2023/1/1 05:05,Station_1,278
Line1,WO001,TYPEA,2023/1/1 05:05,Station_2,292
Line1,WO001,TYPEA,2023/1/1 05:05,Station_3,305
Line1,WO001,TYPEA,2023/1/1 05:05,Station_4,125
Line1,WO001,TYPEA,2023/1/1 05:10,Station_1,265
Line1,WO001,TYPEA,2023/1/1 05:10,Station_2,278
Line1,WO001,TYPEA,2023/1/1 05:10,Station_3,292
Line1,WO001,TYPEA,2023/1/1 05:10,Station_4,165
Line1,WO001,TYPEA,2023/1/1 05:15,Station_1,255
Line1,WO001,TYPEA,2023/1/1 05:15,Station_2,265
Line1,WO001,TYPEA,2023/1/1 05:15,Station_3,278
Line1,WO001,TYPEA,2023/1/1 05:15,Station_4,202
Line1,WO001,TYPEA,2023/1/1 05:20,Station_1,244
Line1,WO001,TYPEA,2023/1/1 05:20,Station_2,255
Line1,WO001,TYPEA,2023/1/1 05:20,Station_3,265
Line1,WO001,TYPEA,2023/1/1 05:20,Station_4,236
Line1,WO001,TYPEA,2023/1/1 05:25,Station_1,231
Line1,WO001,TYPEA,2023/1/1 05:25,Station_2,244
Line1,WO001,TYPEA,2023/1/1 05:25,Station_3,255
Line1,WO001,TYPEA,2023/1/1 05:25,Station_4,265
Line1,WO001,TYPEA,2023/1/1 05:30,Station_1,220
Line1,WO001,TYPEA,2023/1/1 05:30,Station_2,231
Line1,WO001,TYPEA,2023/1/1 05:30,Station_3,244
Line1,WO001,TYPEA,2023/1/1 05:30,Station_4,255
Line1,WO001,TYPEA,2023/1/1 05:35,Station_1,206
Line1,WO001,TYPEA,2023/1/1 05:35,Station_2,220
Line1,WO001,TYPEA,2023/1/1 05:35,Station_3,231
Line1,WO001,TYPEA,2023/1/1 05:35,Station_4,244
Line1,WO001,TYPEA,2023/1/1 05:40,Station_1,195
Line1,WO001,TYPEA,2023/1/1 05:40,Station_2,206
Line1,WO001,TYPEA,2023/1/1 05:40,Station_3,220
Line1,WO001,TYPEA,2023/1/1 05:40,Station_4,231
Line1,WO001,TYPEA,2023/1/1 05:45,Station_1,181
Line1,WO001,TYPEA,2023/1/1 05:45,Station_2,195
Line1,WO001,TYPEA,2023/1/1 05:45,Station_3,206
Line1,WO001,TYPEA,2023/1/1 05:45,Station_4,220
Line1,WO001,TYPEA,2023/1/1 05:50,Station_1,171
Line1,WO001,TYPEA,2023/1/1 05:50,Station_2,181
Line1,WO001,TYPEA,2023/1/1 05:50,Station_3,195
Line1,WO001,TYPEA,2023/1/1 05:50,Station_4,206
Line1,WO001,TYPEA,2023/1/1 05:55,Station_1,160
Line1,WO001,TYPEA,2023/1/1 05:55,Station_2,171
Line1,WO001,TYPEA,2023/1/1 05:55,Station_3,181
Line1,WO001,TYPEA,2023/1/1 05:55,Station_4,195
Line1,WO001,TYPEA,2023/1/1 06:00,Station_1,148
Line1,WO001,TYPEA,2023/1/1 06:00,Station_2,160
Line1,WO001,TYPEA,2023/1/1 06:00,Station_3,171
Line1,WO001,TYPEA,2023/1/1 06:00,Station_4,181
Line1,WO001,TYPEA,2023/1/1 06:05,Station_1,136
Line1,WO001,TYPEA,2023/1/1 06:05,Station_2,148
Line1,WO001,TYPEA,2023/1/1 06:05,Station_3,160
Line1,WO001,TYPEA,2023/1/1 06:05,Station_4,171
Line1,WO001,TYPEA,2023/1/1 06:10,Station_1,122
Line1,WO001,TYPEA,2023/1/1 06:10,Station_2,136
Line1,WO001,TYPEA,2023/1/1 06:10,Station_3,148
Line1,WO001,TYPEA,2023/1/1 06:10,Station_4,160
Line1,WO001,TYPEA,2023/1/1 06:15,Station_1,108
Line1,WO001,TYPEA,2023/1/1 06:15,Station_2,122
Line1,WO001,TYPEA,2023/1/1 06:15,Station_3,136
Line1,WO001,TYPEA,2023/1/1 06:15,Station_4,148
Line1,WO001,TYPEA,2023/1/1 06:20,Station_1,95
Line1,WO001,TYPEA,2023/1/1 06:20,Station_2,108
Line1,WO001,TYPEA,2023/1/1 06:20,Station_3,122
Line1,WO001,TYPEA,2023/1/1 06:20,Station_4,136
Line1,WO001,TYPEA,2023/1/1 06:25,Station_1,81
Line1,WO001,TYPEA,2023/1/1 06:25,Station_2,95
Line1,WO001,TYPEA,2023/1/1 06:25,Station_3,108
Line1,WO001,TYPEA,2023/1/1 06:25,Station_4,122
Line1,WO001,TYPEA,2023/1/1 06:30,Station_1,67
Line1,WO001,TYPEA,2023/1/1 06:30,Station_2,81
Line1,WO001,TYPEA,2023/1/1 06:30,Station_3,95
Line1,WO001,TYPEA,2023/1/1 06:30,Station_4,108
Line1,WO001,TYPEA,2023/1/1 06:35,Station_1,55
Line1,WO001,TYPEA,2023/1/1 06:35,Station_2,67
Line1,WO001,TYPEA,2023/1/1 06:35,Station_3,81
Line1,WO001,TYPEA,2023/1/1 06:35,Station_4,95
Line1,WO001,TYPEA,2023/1/1 06:40,Station_1,41
Line1,WO001,TYPEA,2023/1/1 06:40,Station_2,55
Line1,WO001,TYPEA,2023/1/1 06:40,Station_3,67
Line1,WO001,TYPEA,2023/1/1 06:40,Station_4,81
Line1,WO001,TYPEA,2023/1/1 06:45,Station_1,27
Line1,WO001,TYPEA,2023/1/1 06:45,Station_2,41
Line1,WO001,TYPEA,2023/1/1 06:45,Station_3,55
Line1,WO001,TYPEA,2023/1/1 06:45,Station_4,67
Line1,WO001,TYPEA,2023/1/1 06:50,Station_1,15
Line1,WO001,TYPEA,2023/1/1 06:50,Station_2,27
Line1,WO001,TYPEA,2023/1/1 06:50,Station_3,41
Line1,WO001,TYPEA,2023/1/1 06:50,Station_4,55
Line1,WO001,TYPEA,2023/1/1 06:55,Station_1,1
Line1,WO001,TYPEA,2023/1/1 06:55,Station_2,15
Line1,WO001,TYPEA,2023/1/1 06:55,Station_3,27
Line1,WO001,TYPEA,2023/1/1 06:55,Station_4,41
Line1,WO001,TYPEA,2023/1/1 07:00,Station_1,0
Line1,WO001,TYPEA,2023/1/1 07:00,Station_2,1
Line1,WO001,TYPEA,2023/1/1 07:00,Station_3,15
Line1,WO001,TYPEA,2023/1/1 07:00,Station_4,27
Line1,WO001,TYPEA,2023/1/1 07:05,Station_1,0
Line1,WO001,TYPEA,2023/1/1 07:05,Station_2,0
Line1,WO001,TYPEA,2023/1/1 07:05,Station_3,1
Line1,WO001,TYPEA,2023/1/1 07:05,Station_4,15
Line1,WO001,TYPEA,2023/1/1 07:10,Station_1,0
Line1,WO001,TYPEA,2023/1/1 07:10,Station_2,0
Line1,WO001,TYPEA,2023/1/1 07:10,Station_3,0
Line1,WO001,TYPEA,2023/1/1 07:10,Station_4,1
Line1,WO001,TYPEA,2023/1/1 07:15,Station_1,0
Line1,WO001,TYPEA,2023/1/1 07:15,Station_2,0
Line1,WO001,TYPEA,2023/1/1 07:15,Station_3,0
Line1,WO001,TYPEA,2023/1/1 07:15,Station_4,0
Line1,WO001,TYPEA,2023/1/1 07:20,Station_1,0
Line1,WO001,TYPEA,2023/1/1 07:20,Station_2,0
Line1,WO001,TYPEA,2023/1/1 07:20,Station_3,0
Line1,WO001,TYPEA,2023/1/1 07:20,Station_4,0
Line1,WO001,TYPEA,2023/1/1 07:25,Station_1,0
Line1,WO001,TYPEA,2023/1/1 07:25,Station_2,0
Line1,WO001,TYPEA,2023/1/1 07:25,Station_3,0
Line1,WO001,TYPEA,2023/1/1 07:25,Station_4,0
Line1,WO001,TYPEA,2023/1/1 07:30,Station_1,0
Line1,WO001,TYPEA,2023/1/1 07:30,Station_2,0
Line1,WO001,TYPEA,2023/1/1 07:30,Station_3,0
Line1,WO001,TYPEA,2023/1/1 07:30,Station_4,0
Line1,WO001,TYPEA,2023/1/1 07:35,Station_1,0
Line1,WO001,TYPEA,2023/1/1 07:35,Station_2,0
Line1,WO001,TYPEA,2023/1/1 07:35,Station_3,0
Line1,WO001,TYPEA,2023/1/1 07:35,Station_4,0
Line1,WO001,TYPEA,2023/1/1 07:40,Station_1,0
Line1,WO001,TYPEA,2023/1/1 07:40,Station_2,0
Line1,WO001,TYPEA,2023/1/1 07:40,Station_3,0
Line1,WO001,TYPEA,2023/1/1 07:40,Station_4,0
Line1,WO001,TYPEA,2023/1/1 07:45,Station_1,0
Line1,WO001,TYPEA,2023/1/1 07:45,Station_2,0
Line1,WO001,TYPEA,2023/1/1 07:45,Station_3,0
Line1,WO001,TYPEA,2023/1/1 07:45,Station_4,0
Line1,WO001,TYPEA,2023/1/1 07:50,Station_1,0
Line1,WO001,TYPEA,2023/1/1 07:50,Station_2,0
Line1,WO001,TYPEA,2023/1/1 07:50,Station_3,0
Line1,WO001,TYPEA,2023/1/1 07:50,Station_4,0
Line1,WO001,TYPEA,2023/1/1 07:55,Station_1,0
Line1,WO001,TYPEA,2023/1/1 07:55,Station_2,0
Line1,WO001,TYPEA,2023/1/1 07:55,Station_3,0
Line1,WO001,TYPEA,2023/1/1 07:55,Station_4,0
Line1,WO001,TYPEA,2023/1/1 08:00,Station_1,0
Line1,WO001,TYPEA,2023/1/1 08:00,Station_2,0
Line1,WO001,TYPEA,2023/1/1 08:00,Station_3,0
Line1,WO001,TYPEA,2023/1/1 08:00,Station_4,0
Line1,WO001,TYPEA,2023/1/1 08:05,Station_1,0
Line1,WO001,TYPEA,2023/1/1 08:05,Station_2,0
Line1,WO001,TYPEA,2023/1/1 08:05,Station_3,0
Line1,WO001,TYPEA,2023/1/1 08:05,Station_4,0
Line1,WO001,TYPEA,2023/1/1 08:10,Station_1,0
Line1,WO001,TYPEA,2023/1/1 08:10,Station_2,0
Line1,WO001,TYPEA,2023/1/1 08:10,Station_3,0
Line1,WO001,TYPEA,2023/1/1 08:10,Station_4,0
Line1,WO001,TYPEA,2023/1/1 08:15,Station_1,0
Line1,WO001,TYPEA,2023/1/1 08:15,Station_2,0
Line1,WO001,TYPEA,2023/1/1 08:15,Station_3,0
Line1,WO001,TYPEA,2023/1/1 08:15,Station_4,0
Line1,WO002,TYPEB,2023/1/1 06:40,Station_1,800
Line1,WO002,TYPEB,2023/1/1 06:40,Station_2,0
Line1,WO002,TYPEB,2023/1/1 06:40,Station_3,0
Line1,WO002,TYPEB,2023/1/1 06:45,Station_1,792
Line1,WO002,TYPEB,2023/1/1 06:45,Station_2,8
Line1,WO002,TYPEB,2023/1/1 06:45,Station_3,0
Line1,WO002,TYPEB,2023/1/1 06:50,Station_1,782
Line1,WO002,TYPEB,2023/1/1 06:50,Station_2,18
Line1,WO002,TYPEB,2023/1/1 06:50,Station_3,0
Line1,WO002,TYPEB,2023/1/1 06:55,Station_1,770
Line1,WO002,TYPEB,2023/1/1 06:55,Station_2,30
Line1,WO002,TYPEB,2023/1/1 06:55,Station_3,0
Line1,WO002,TYPEB,2023/1/1 07:00,Station_1,760
Line1,WO002,TYPEB,2023/1/1 07:00,Station_2,40
Line1,WO002,TYPEB,2023/1/1 07:00,Station_3,0
Line1,WO002,TYPEB,2023/1/1 07:05,Station_1,752
Line1,WO002,TYPEB,2023/1/1 07:05,Station_2,48
Line1,WO002,TYPEB,2023/1/1 07:05,Station_3,0
Line1,WO002,TYPEB,2023/1/1 07:10,Station_1,743
Line1,WO002,TYPEB,2023/1/1 07:10,Station_2,57
Line1,WO002,TYPEB,2023/1/1 07:10,Station_3,0
Line1,WO002,TYPEB,2023/1/1 07:15,Station_1,733
Line1,WO002,TYPEB,2023/1/1 07:15,Station_2,67
Line1,WO002,TYPEB,2023/1/1 07:15,Station_3,0
Line1,WO002,TYPEB,2023/1/1 07:20,Station_1,723
Line1,WO002,TYPEB,2023/1/1 07:20,Station_2,77
Line1,WO002,TYPEB,2023/1/1 07:20,Station_3,0
Line1,WO002,TYPEB,2023/1/1 07:25,Station_1,713
Line1,WO002,TYPEB,2023/1/1 07:25,Station_2,87
Line1,WO002,TYPEB,2023/1/1 07:25,Station_3,0
Line1,WO002,TYPEB,2023/1/1 07:30,Station_1,701
Line1,WO002,TYPEB,2023/1/1 07:30,Station_2,99
Line1,WO002,TYPEB,2023/1/1 07:30,Station_3,0
Line1,WO002,TYPEB,2023/1/1 07:35,Station_1,693
Line1,WO002,TYPEB,2023/1/1 07:35,Station_2,107
Line1,WO002,TYPEB,2023/1/1 07:35,Station_3,0
Line1,WO002,TYPEB,2023/1/1 07:40,Station_1,683
Line1,WO002,TYPEB,2023/1/1 07:40,Station_2,117
Line1,WO002,TYPEB,2023/1/1 07:40,Station_3,0
Line1,WO002,TYPEB,2023/1/1 07:45,Station_1,674
Line1,WO002,TYPEB,2023/1/1 07:45,Station_2,126
Line1,WO002,TYPEB,2023/1/1 07:45,Station_3,0
Line1,WO002,TYPEB,2023/1/1 07:50,Station_1,662
Line1,WO002,TYPEB,2023/1/1 07:50,Station_2,138
Line1,WO002,TYPEB,2023/1/1 07:50,Station_3,0
Line1,WO002,TYPEB,2023/1/1 07:55,Station_1,652
Line1,WO002,TYPEB,2023/1/1 07:55,Station_2,148
Line1,WO002,TYPEB,2023/1/1 07:55,Station_3,0
Line1,WO002,TYPEB,2023/1/1 08:00,Station_1,645
Line1,WO002,TYPEB,2023/1/1 08:00,Station_2,155
Line1,WO002,TYPEB,2023/1/1 08:00,Station_3,0
Line1,WO002,TYPEB,2023/1/1 08:05,Station_1,637
Line1,WO002,TYPEB,2023/1/1 08:05,Station_2,163
Line1,WO002,TYPEB,2023/1/1 08:05,Station_3,0
Line1,WO002,TYPEB,2023/1/1 08:10,Station_1,625
Line1,WO002,TYPEB,2023/1/1 08:10,Station_2,175
Line1,WO002,TYPEB,2023/1/1 08:10,Station_3,0
Line1,WO002,TYPEB,2023/1/1 08:15,Station_1,614
Line1,WO002,TYPEB,2023/1/1 08:15,Station_2,186
Line1,WO002,TYPEB,2023/1/1 08:15,Station_3,0
Line1,WO002,TYPEB,2023/1/1 08:20,Station_1,602
Line1,WO002,TYPEB,2023/1/1 08:20,Station_2,198
Line1,WO002,TYPEB,2023/1/1 08:20,Station_3,0
Line1,WO002,TYPEB,2023/1/1 08:25,Station_1,594
Line1,WO002,TYPEB,2023/1/1 08:25,Station_2,206
Line1,WO002,TYPEB,2023/1/1 08:25,Station_3,0
Line1,WO002,TYPEB,2023/1/1 08:30,Station_1,586
Line1,WO002,TYPEB,2023/1/1 08:30,Station_2,214
Line1,WO002,TYPEB,2023/1/1 08:30,Station_3,0
Line1,WO002,TYPEB,2023/1/1 08:35,Station_1,576
Line1,WO002,TYPEB,2023/1/1 08:35,Station_2,224
Line1,WO002,TYPEB,2023/1/1 08:35,Station_3,0
Line1,WO002,TYPEB,2023/1/1 08:40,Station_1,564
Line1,WO002,TYPEB,2023/1/1 08:40,Station_2,236
Line1,WO002,TYPEB,2023/1/1 08:40,Station_3,0
Line1,WO002,TYPEB,2023/1/1 08:45,Station_1,555
Line1,WO002,TYPEB,2023/1/1 08:45,Station_2,245
Line1,WO002,TYPEB,2023/1/1 08:45,Station_3,0
Line1,WO002,TYPEB,2023/1/1 08:50,Station_1,547
Line1,WO002,TYPEB,2023/1/1 08:50,Station_2,253
Line1,WO002,TYPEB,2023/1/1 08:50,Station_3,0
Line1,WO002,TYPEB,2023/1/1 08:55,Station_1,538
Line1,WO002,TYPEB,2023/1/1 08:55,Station_2,262
Line1,WO002,TYPEB,2023/1/1 08:55,Station_3,0
Line1,WO002,TYPEB,2023/1/1 09:00,Station_1,526
Line1,WO002,TYPEB,2023/1/1 09:00,Station_2,274
Line1,WO002,TYPEB,2023/1/1 09:00,Station_3,0
Line1,WO002,TYPEB,2023/1/1 09:05,Station_1,517
Line1,WO002,TYPEB,2023/1/1 09:05,Station_2,283
Line1,WO002,TYPEB,2023/1/1 09:05,Station_3,0
Line1,WO002,TYPEB,2023/1/1 09:10,Station_1,507
Line1,WO002,TYPEB,2023/1/1 09:10,Station_2,293
Line1,WO002,TYPEB,2023/1/1 09:10,Station_3,0
Line1,WO002,TYPEB,2023/1/1 09:15,Station_1,499
Line1,WO002,TYPEB,2023/1/1 09:15,Station_2,301
Line1,WO002,TYPEB,2023/1/1 09:15,Station_3,0
Line1,WO002,TYPEB,2023/1/1 09:20,Station_1,492
Line1,WO002,TYPEB,2023/1/1 09:20,Station_2,308
Line1,WO002,TYPEB,2023/1/1 09:20,Station_3,0
Line1,WO002,TYPEB,2023/1/1 09:25,Station_1,485
Line1,WO002,TYPEB,2023/1/1 09:25,Station_2,315
Line1,WO002,TYPEB,2023/1/1 09:25,Station_3,0
Line1,WO002,TYPEB,2023/1/1 09:30,Station_1,476
Line1,WO002,TYPEB,2023/1/1 09:30,Station_2,324
Line1,WO002,TYPEB,2023/1/1 09:30,Station_3,0
Line1,WO002,TYPEB,2023/1/1 09:35,Station_1,467
Line1,WO002,TYPEB,2023/1/1 09:35,Station_2,333
Line1,WO002,TYPEB,2023/1/1 09:35,Station_3,0
Line1,WO002,TYPEB,2023/1/1 09:40,Station_1,455
Line1,WO002,TYPEB,2023/1/1 09:40,Station_2,345
Line1,WO002,TYPEB,2023/1/1 09:40,Station_3,0
Line1,WO002,TYPEB,2023/1/1 09:45,Station_1,444
Line1,WO002,TYPEB,2023/1/1 09:45,Station_2,356
Line1,WO002,TYPEB,2023/1/1 09:45,Station_3,0
Line1,WO002,TYPEB,2023/1/1 09:50,Station_1,437
Line1,WO002,TYPEB,2023/1/1 09:50,Station_2,363
Line1,WO002,TYPEB,2023/1/1 09:50,Station_3,0
Line1,WO002,TYPEB,2023/1/1 09:55,Station_1,425
Line1,WO002,TYPEB,2023/1/1 09:55,Station_2,375
Line1,WO002,TYPEB,2023/1/1 09:55,Station_3,0
Line1,WO002,TYPEB,2023/1/1 10:00,Station_1,417
Line1,WO002,TYPEB,2023/1/1 10:00,Station_2,383
Line1,WO002,TYPEB,2023/1/1 10:00,Station_3,0
Line1,WO002,TYPEB,2023/1/1 10:05,Station_1,408
Line1,WO002,TYPEB,2023/1/1 10:05,Station_2,392
Line1,WO002,TYPEB,2023/1/1 10:05,Station_3,0
Line1,WO002,TYPEB,2023/1/1 10:10,Station_1,396
Line1,WO002,TYPEB,2023/1/1 10:10,Station_2,404
Line1,WO002,TYPEB,2023/1/1 10:10,Station_3,0
Line1,WO002,TYPEB,2023/1/1 10:15,Station_1,388
Line1,WO002,TYPEB,2023/1/1 10:15,Station_2,396
Line1,WO002,TYPEB,2023/1/1 10:15,Station_3,16
Line1,WO002,TYPEB,2023/1/1 10:20,Station_1,376
Line1,WO002,TYPEB,2023/1/1 10:20,Station_2,388
Line1,WO002,TYPEB,2023/1/1 10:20,Station_3,36
Line1,WO002,TYPEB,2023/1/1 10:25,Station_1,367
Line1,WO002,TYPEB,2023/1/1 10:25,Station_2,376
Line1,WO002,TYPEB,2023/1/1 10:25,Station_3,57
Line1,WO002,TYPEB,2023/1/1 10:30,Station_1,357
Line1,WO002,TYPEB,2023/1/1 10:30,Station_2,367
Line1,WO002,TYPEB,2023/1/1 10:30,Station_3,76
Line1,WO002,TYPEB,2023/1/1 10:35,Station_1,346
Line1,WO002,TYPEB,2023/1/1 10:35,Station_2,357
Line1,WO002,TYPEB,2023/1/1 10:35,Station_3,97
Line1,WO002,TYPEB,2023/1/1 10:40,Station_1,338
Line1,WO002,TYPEB,2023/1/1 10:40,Station_2,346
Line1,WO002,TYPEB,2023/1/1 10:40,Station_3,116
Line1,WO002,TYPEB,2023/1/1 10:45,Station_1,328
Line1,WO002,TYPEB,2023/1/1 10:45,Station_2,338
Line1,WO002,TYPEB,2023/1/1 10:45,Station_3,134
Line1,WO002,TYPEB,2023/1/1 10:50,Station_1,321
Line1,WO002,TYPEB,2023/1/1 10:50,Station_2,328
Line1,WO002,TYPEB,2023/1/1 10:50,Station_3,151
Line1,WO002,TYPEB,2023/1/1 10:55,Station_1,310
Line1,WO002,TYPEB,2023/1/1 10:55,Station_2,321
Line1,WO002,TYPEB,2023/1/1 10:55,Station_3,169
Line1,WO002,TYPEB,2023/1/1 11:00,Station_1,302
Line1,WO002,TYPEB,2023/1/1 11:00,Station_2,310
Line1,WO002,TYPEB,2023/1/1 11:00,Station_3,188
Line1,WO002,TYPEB,2023/1/1 11:05,Station_1,291
Line1,WO002,TYPEB,2023/1/1 11:05,Station_2,302
Line1,WO002,TYPEB,2023/1/1 11:05,Station_3,207
Line1,WO002,TYPEB,2023/1/1 11:10,Station_1,280
Line1,WO002,TYPEB,2023/1/1 11:10,Station_2,291
Line1,WO002,TYPEB,2023/1/1 11:10,Station_3,229
Line1,WO002,TYPEB,2023/1/1 11:15,Station_1,269
Line1,WO002,TYPEB,2023/1/1 11:15,Station_2,280
Line1,WO002,TYPEB,2023/1/1 11:15,Station_3,251
Line1,WO002,TYPEB,2023/1/1 11:20,Station_1,262
Line1,WO002,TYPEB,2023/1/1 11:20,Station_2,269
Line1,WO002,TYPEB,2023/1/1 11:20,Station_3,269
Line1,WO002,TYPEB,2023/1/1 11:25,Station_1,252
Line1,WO002,TYPEB,2023/1/1 11:25,Station_2,262
Line1,WO002,TYPEB,2023/1/1 11:25,Station_3,269
Line1,WO002,TYPEB,2023/1/1 11:30,Station_1,245
Line1,WO002,TYPEB,2023/1/1 11:30,Station_2,252
Line1,WO002,TYPEB,2023/1/1 11:30,Station_3,262
Line1,WO002,TYPEB,2023/1/1 11:35,Station_1,235
Line1,WO002,TYPEB,2023/1/1 11:35,Station_2,245
Line1,WO002,TYPEB,2023/1/1 11:35,Station_3,252
Line1,WO002,TYPEB,2023/1/1 11:40,Station_1,225
Line1,WO002,TYPEB,2023/1/1 11:40,Station_2,235
Line1,WO002,TYPEB,2023/1/1 11:40,Station_3,245
Line1,WO002,TYPEB,2023/1/1 11:45,Station_1,214
Line1,WO002,TYPEB,2023/1/1 11:45,Station_2,225
Line1,WO002,TYPEB,2023/1/1 11:45,Station_3,235
Line1,WO002,TYPEB,2023/1/1 11:50,Station_1,204
Line1,WO002,TYPEB,2023/1/1 11:50,Station_2,214
Line1,WO002,TYPEB,2023/1/1 11:50,Station_3,225
Line1,WO002,TYPEB,2023/1/1 11:55,Station_1,195
Line1,WO002,TYPEB,2023/1/1 11:55,Station_2,204
Line1,WO002,TYPEB,2023/1/1 11:55,Station_3,214
Line1,WO002,TYPEB,2023/1/1 12:00,Station_1,187
Line1,WO002,TYPEB,2023/1/1 12:00,Station_2,195
Line1,WO002,TYPEB,2023/1/1 12:00,Station_3,204
Line1,WO002,TYPEB,2023/1/1 12:05,Station_1,177
Line1,WO002,TYPEB,2023/1/1 12:05,Station_2,187
Line1,WO002,TYPEB,2023/1/1 12:05,Station_3,195
Line1,WO002,TYPEB,2023/1/1 12:10,Station_1,169
Line1,WO002,TYPEB,2023/1/1 12:10,Station_2,177
Line1,WO002,TYPEB,2023/1/1 12:10,Station_3,187
Line1,WO002,TYPEB,2023/1/1 12:15,Station_1,162
Line1,WO002,TYPEB,2023/1/1 12:15,Station_2,169
Line1,WO002,TYPEB,2023/1/1 12:15,Station_3,177
Line1,WO002,TYPEB,2023/1/1 12:20,Station_1,150
Line1,WO002,TYPEB,2023/1/1 12:20,Station_2,162
Line1,WO002,TYPEB,2023/1/1 12:20,Station_3,169
Line1,WO002,TYPEB,2023/1/1 12:25,Station_1,143
Line1,WO002,TYPEB,2023/1/1 12:25,Station_2,150
Line1,WO002,TYPEB,2023/1/1 12:25,Station_3,162
Line1,WO002,TYPEB,2023/1/1 12:30,Station_1,132
Line1,WO002,TYPEB,2023/1/1 12:30,Station_2,143
Line1,WO002,TYPEB,2023/1/1 12:30,Station_3,150
Line1,WO002,TYPEB,2023/1/1 12:35,Station_1,124
Line1,WO002,TYPEB,2023/1/1 12:35,Station_2,132
Line1,WO002,TYPEB,2023/1/1 12:35,Station_3,143
Line1,WO002,TYPEB,2023/1/1 12:40,Station_1,114
Line1,WO002,TYPEB,2023/1/1 12:40,Station_2,124
Line1,WO002,TYPEB,2023/1/1 12:40,Station_3,132
Line1,WO002,TYPEB,2023/1/1 12:45,Station_1,102
Line1,WO002,TYPEB,2023/1/1 12:45,Station_2,114
Line1,WO002,TYPEB,2023/1/1 12:45,Station_3,124
Line1,WO002,TYPEB,2023/1/1 12:50,Station_1,91
Line1,WO002,TYPEB,2023/1/1 12:50,Station_2,102
Line1,WO002,TYPEB,2023/1/1 12:50,Station_3,114
Line1,WO002,TYPEB,2023/1/1 12:55,Station_1,80
Line1,WO002,TYPEB,2023/1/1 12:55,Station_2,91
Line1,WO002,TYPEB,2023/1/1 12:55,Station_3,102
Line1,WO002,TYPEB,2023/1/1 13:00,Station_1,69
Line1,WO002,TYPEB,2023/1/1 13:00,Station_2,80
Line1,WO002,TYPEB,2023/1/1 13:00,Station_3,91
Line1,WO002,TYPEB,2023/1/1 13:05,Station_1,58
Line1,WO002,TYPEB,2023/1/1 13:05,Station_2,69
Line1,WO002,TYPEB,2023/1/1 13:05,Station_3,80
Line1,WO002,TYPEB,2023/1/1 13:10,Station_1,46
Line1,WO002,TYPEB,2023/1/1 13:10,Station_2,58
Line1,WO002,TYPEB,2023/1/1 13:10,Station_3,69
Line1,WO002,TYPEB,2023/1/1 13:15,Station_1,38
Line1,WO002,TYPEB,2023/1/1 13:15,Station_2,46
Line1,WO002,TYPEB,2023/1/1 13:15,Station_3,58
Line1,WO002,TYPEB,2023/1/1 13:20,Station_1,28
Line1,WO002,TYPEB,2023/1/1 13:20,Station_2,38
Line1,WO002,TYPEB,2023/1/1 13:20,Station_3,46
Line1,WO002,TYPEB,2023/1/1 13:25,Station_1,20
Line1,WO002,TYPEB,2023/1/1 13:25,Station_2,28
Line1,WO002,TYPEB,2023/1/1 13:25,Station_3,38
Line1,WO002,TYPEB,2023/1/1 13:30,Station_1,8
Line1,WO002,TYPEB,2023/1/1 13:30,Station_2,20
Line1,WO002,TYPEB,2023/1/1 13:30,Station_3,28
Line1,WO002,TYPEB,2023/1/1 13:35,Station_1,0
Line1,WO002,TYPEB,2023/1/1 13:35,Station_2,8
Line1,WO002,TYPEB,2023/1/1 13:35,Station_3,20
Line1,WO002,TYPEB,2023/1/1 13:40,Station_1,0
Line1,WO002,TYPEB,2023/1/1 13:40,Station_2,0
Line1,WO002,TYPEB,2023/1/1 13:40,Station_3,8
Line1,WO002,TYPEB,2023/1/1 13:45,Station_1,0
Line1,WO002,TYPEB,2023/1/1 13:45,Station_2,0
Line1,WO002,TYPEB,2023/1/1 13:45,Station_3,0
Line1,WO002,TYPEB,2023/1/1 13:50,Station_1,0
Line1,WO002,TYPEB,2023/1/1 13:50,Station_2,0
Line1,WO002,TYPEB,2023/1/1 13:50,Station_3,0
Line1,WO002,TYPEB,2023/1/1 13:55,Station_1,0
Line1,WO002,TYPEB,2023/1/1 13:55,Station_2,0
Line1,WO002,TYPEB,2023/1/1 13:55,Station_3,0
Line1,WO002,TYPEB,2023/1/1 14:00,Station_1,0
Line1,WO002,TYPEB,2023/1/1 14:00,Station_2,0
Line1,WO002,TYPEB,2023/1/1 14:00,Station_3,0
Line1,WO002,TYPEB,2023/1/1 14:05,Station_1,0
Line1,WO002,TYPEB,2023/1/1 14:05,Station_2,0
Line1,WO002,TYPEB,2023/1/1 14:05,Station_3,0
Line1,WO002,TYPEB,2023/1/1 14:10,Station_1,0
Line1,WO002,TYPEB,2023/1/1 14:10,Station_2,0
Line1,WO002,TYPEB,2023/1/1 14:10,Station_3,0
Line1,WO002,TYPEB,2023/1/1 14:15,Station_1,0
Line1,WO002,TYPEB,2023/1/1 14:15,Station_2,0
Line1,WO002,TYPEB,2023/1/1 14:15,Station_3,0
Line1,WO002,TYPEB,2023/1/1 14:20,Station_1,0
Line1,WO002,TYPEB,2023/1/1 14:20,Station_2,0
Line1,WO002,TYPEB,2023/1/1 14:20,Station_3,0
Line1,WO002,TYPEB,2023/1/1 14:25,Station_1,0
Line1,WO002,TYPEB,2023/1/1 14:25,Station_2,0
Line1,WO002,TYPEB,2023/1/1 14:25,Station_3,0
Line1,WO002,TYPEB,2023/1/1 14:30,Station_1,0
Line1,WO002,TYPEB,2023/1/1 14:30,Station_2,0
Line1,WO002,TYPEB,2023/1/1 14:30,Station_3,0
Line1,WO002,TYPEB,2023/1/1 14:35,Station_1,0
Line1,WO002,TYPEB,2023/1/1 14:35,Station_2,0
Line1,WO002,TYPEB,2023/1/1 14:35,Station_3,0
Line1,WO002,TYPEB,2023/1/1 14:40,Station_1,0
Line1,WO002,TYPEB,2023/1/1 14:40,Station_2,0
Line1,WO002,TYPEB,2023/1/1 14:40,Station_3,0
Line1,WO002,TYPEB,2023/1/1 14:45,Station_1,0
Line1,WO002,TYPEB,2023/1/1 14:45,Station_2,0
Line1,WO002,TYPEB,2023/1/1 14:45,Station_3,0
Line1,WO002,TYPEB,2023/1/1 14:50,Station_1,0
Line1,WO002,TYPEB,2023/1/1 14:50,Station_2,0
Line1,WO002,TYPEB,2023/1/1 14:50,Station_3,0
Line1,WO002,TYPEB,2023/1/1 14:55,Station_1,0
Line1,WO002,TYPEB,2023/1/1 14:55,Station_2,0
Line1,WO002,TYPEB,2023/1/1 14:55,Station_3,0
Line2,WO003,TYPEC,2023/1/1 00:00,Station_1,400
Line2,WO003,TYPEC,2023/1/1 00:00,Station_2,0
Line2,WO003,TYPEC,2023/1/1 00:00,Station_3,0
Line2,WO003,TYPEC,2023/1/1 00:00,Station_4,0
Line2,WO003,TYPEC,2023/1/1 00:00,Station_5,0
Line2,WO003,TYPEC,2023/1/1 00:05,Station_1,394
Line2,WO003,TYPEC,2023/1/1 00:05,Station_2,6
Line2,WO003,TYPEC,2023/1/1 00:05,Station_3,0
Line2,WO003,TYPEC,2023/1/1 00:05,Station_4,0
Line2,WO003,TYPEC,2023/1/1 00:05,Station_5,0
Line2,WO003,TYPEC,2023/1/1 00:10,Station_1,390
Line2,WO003,TYPEC,2023/1/1 00:10,Station_2,10
Line2,WO003,TYPEC,2023/1/1 00:10,Station_3,0
Line2,WO003,TYPEC,2023/1/1 00:10,Station_4,0
Line2,WO003,TYPEC,2023/1/1 00:10,Station_5,0
Line2,WO003,TYPEC,2023/1/1 00:15,Station_1,388
Line2,WO003,TYPEC,2023/1/1 00:15,Station_2,12
Line2,WO003,TYPEC,2023/1/1 00:15,Station_3,0
Line2,WO003,TYPEC,2023/1/1 00:15,Station_4,0
Line2,WO003,TYPEC,2023/1/1 00:15,Station_5,0
Line2,WO003,TYPEC,2023/1/1 00:20,Station_1,385
Line2,WO003,TYPEC,2023/1/1 00:20,Station_2,15
Line2,WO003,TYPEC,2023/1/1 00:20,Station_3,0
Line2,WO003,TYPEC,2023/1/1 00:20,Station_4,0
Line2,WO003,TYPEC,2023/1/1 00:20,Station_5,0
Line2,WO003,TYPEC,2023/1/1 00:25,Station_1,381
Line2,WO003,TYPEC,2023/1/1 00:25,Station_2,19
Line2,WO003,TYPEC,2023/1/1 00:25,Station_3,0
Line2,WO003,TYPEC,2023/1/1 00:25,Station_4,0
Line2,WO003,TYPEC,2023/1/1 00:25,Station_5,0
Line2,WO003,TYPEC,2023/1/1 00:30,Station_1,377
Line2,WO003,TYPEC,2023/1/1 00:30,Station_2,23
Line2,WO003,TYPEC,2023/1/1 00:30,Station_3,0
Line2,WO003,TYPEC,2023/1/1 00:30,Station_4,0
Line2,WO003,TYPEC,2023/1/1 00:30,Station_5,0
Line2,WO003,TYPEC,2023/1/1 00:35,Station_1,370
Line2,WO003,TYPEC,2023/1/1 00:35,Station_2,30
Line2,WO003,TYPEC,2023/1/1 00:35,Station_3,0
Line2,WO003,TYPEC,2023/1/1 00:35,Station_4,0
Line2,WO003,TYPEC,2023/1/1 00:35,Station_5,0
Line2,WO003,TYPEC,2023/1/1 00:40,Station_1,368
Line2,WO003,TYPEC,2023/1/1 00:40,Station_2,32
Line2,WO003,TYPEC,2023/1/1 00:40,Station_3,0
Line2,WO003,TYPEC,2023/1/1 00:40,Station_4,0
Line2,WO003,TYPEC,2023/1/1 00:40,Station_5,0
Line2,WO003,TYPEC,2023/1/1 00:45,Station_1,365
Line2,WO003,TYPEC,2023/1/1 00:45,Station_2,35
Line2,WO003,TYPEC,2023/1/1 00:45,Station_3,0
Line2,WO003,TYPEC,2023/1/1 00:45,Station_4,0
Line2,WO003,TYPEC,2023/1/1 00:45,Station_5,0
Line2,WO003,TYPEC,2023/1/1 00:50,Station_1,363
Line2,WO003,TYPEC,2023/1/1 00:50,Station_2,37
Line2,WO003,TYPEC,2023/1/1 00:50,Station_3,0
Line2,WO003,TYPEC,2023/1/1 00:50,Station_4,0
Line2,WO003,TYPEC,2023/1/1 00:50,Station_5,0
Line2,WO003,TYPEC,2023/1/1 00:55,Station_1,359
Line2,WO003,TYPEC,2023/1/1 00:55,Station_2,41
Line2,WO003,TYPEC,2023/1/1 00:55,Station_3,0
Line2,WO003,TYPEC,2023/1/1 00:55,Station_4,0
Line2,WO003,TYPEC,2023/1/1 00:55,Station_5,0
Line2,WO003,TYPEC,2023/1/1 01:00,Station_1,352
Line2,WO003,TYPEC,2023/1/1 01:00,Station_2,48
Line2,WO003,TYPEC,2023/1/1 01:00,Station_3,0
Line2,WO003,TYPEC,2023/1/1 01:00,Station_4,0
Line2,WO003,TYPEC,2023/1/1 01:00,Station_5,0
Line2,WO003,TYPEC,2023/1/1 01:05,Station_1,346
Line2,WO003,TYPEC,2023/1/1 01:05,Station_2,54
Line2,WO003,TYPEC,2023/1/1 01:05,Station_3,0
Line2,WO003,TYPEC,2023/1/1 01:05,Station_4,0
Line2,WO003,TYPEC,2023/1/1 01:05,Station_5,0
Line2,WO003,TYPEC,2023/1/1 01:10,Station_1,344
Line2,WO003,TYPEC,2023/1/1 01:10,Station_2,56
Line2,WO003,TYPEC,2023/1/1 01:10,Station_3,0
Line2,WO003,TYPEC,2023/1/1 01:10,Station_4,0
Line2,WO003,TYPEC,2023/1/1 01:10,Station_5,0
Line2,WO003,TYPEC,2023/1/1 01:15,Station_1,339
Line2,WO003,TYPEC,2023/1/1 01:15,Station_2,61
Line2,WO003,TYPEC,2023/1/1 01:15,Station_3,0
Line2,WO003,TYPEC,2023/1/1 01:15,Station_4,0
Line2,WO003,TYPEC,2023/1/1 01:15,Station_5,0
Line2,WO003,TYPEC,2023/1/1 01:20,Station_1,337
Line2,WO003,TYPEC,2023/1/1 01:20,Station_2,63
Line2,WO003,TYPEC,2023/1/1 01:20,Station_3,0
Line2,WO003,TYPEC,2023/1/1 01:20,Station_4,0
Line2,WO003,TYPEC,2023/1/1 01:20,Station_5,0
Line2,WO003,TYPEC,2023/1/1 01:25,Station_1,334
Line2,WO003,TYPEC,2023/1/1 01:25,Station_2,66
Line2,WO003,TYPEC,2023/1/1 01:25,Station_3,0
Line2,WO003,TYPEC,2023/1/1 01:25,Station_4,0
Line2,WO003,TYPEC,2023/1/1 01:25,Station_5,0
Line2,WO003,TYPEC,2023/1/1 01:30,Station_1,331
Line2,WO003,TYPEC,2023/1/1 01:30,Station_2,69
Line2,WO003,TYPEC,2023/1/1 01:30,Station_3,0
Line2,WO003,TYPEC,2023/1/1 01:30,Station_4,0
Line2,WO003,TYPEC,2023/1/1 01:30,Station_5,0
Line2,WO003,TYPEC,2023/1/1 01:35,Station_1,327
Line2,WO003,TYPEC,2023/1/1 01:35,Station_2,73
Line2,WO003,TYPEC,2023/1/1 01:35,Station_3,0
Line2,WO003,TYPEC,2023/1/1 01:35,Station_4,0
Line2,WO003,TYPEC,2023/1/1 01:35,Station_5,0
Line2,WO003,TYPEC,2023/1/1 01:40,Station_1,323
Line2,WO003,TYPEC,2023/1/1 01:40,Station_2,77
Line2,WO003,TYPEC,2023/1/1 01:40,Station_3,0
Line2,WO003,TYPEC,2023/1/1 01:40,Station_4,0
Line2,WO003,TYPEC,2023/1/1 01:40,Station_5,0
Line2,WO003,TYPEC,2023/1/1 01:45,Station_1,319
Line2,WO003,TYPEC,2023/1/1 01:45,Station_2,81
Line2,WO003,TYPEC,2023/1/1 01:45,Station_3,0
Line2,WO003,TYPEC,2023/1/1 01:45,Station_4,0
Line2,WO003,TYPEC,2023/1/1 01:45,Station_5,0
Line2,WO003,TYPEC,2023/1/1 01:50,Station_1,317
Line2,WO003,TYPEC,2023/1/1 01:50,Station_2,83
Line2,WO003,TYPEC,2023/1/1 01:50,Station_3,0
Line2,WO003,TYPEC,2023/1/1 01:50,Station_4,0
Line2,WO003,TYPEC,2023/1/1 01:50,Station_5,0
Line2,WO003,TYPEC,2023/1/1 01:55,Station_1,313
Line2,WO003,TYPEC,2023/1/1 01:55,Station_2,87
Line2,WO003,TYPEC,2023/1/1 01:55,Station_3,0
Line2,WO003,TYPEC,2023/1/1 01:55,Station_4,0
Line2,WO003,TYPEC,2023/1/1 01:55,Station_5,0
Line2,WO003,TYPEC,2023/1/1 02:00,Station_1,309
Line2,WO003,TYPEC,2023/1/1 02:00,Station_2,91
Line2,WO003,TYPEC,2023/1/1 02:00,Station_3,0
Line2,WO003,TYPEC,2023/1/1 02:00,Station_4,0
Line2,WO003,TYPEC,2023/1/1 02:00,Station_5,0
Line2,WO003,TYPEC,2023/1/1 02:05,Station_1,307
Line2,WO003,TYPEC,2023/1/1 02:05,Station_2,93
Line2,WO003,TYPEC,2023/1/1 02:05,Station_3,0
Line2,WO003,TYPEC,2023/1/1 02:05,Station_4,0
Line2,WO003,TYPEC,2023/1/1 02:05,Station_5,0
Line2,WO003,TYPEC,2023/1/1 02:10,Station_1,301
Line2,WO003,TYPEC,2023/1/1 02:10,Station_2,99
Line2,WO003,TYPEC,2023/1/1 02:10,Station_3,0
Line2,WO003,TYPEC,2023/1/1 02:10,Station_4,0
Line2,WO003,TYPEC,2023/1/1 02:10,Station_5,0
Line2,WO003,TYPEC,2023/1/1 02:15,Station_1,295
Line2,WO003,TYPEC,2023/1/1 02:15,Station_2,105
Line2,WO003,TYPEC,2023/1/1 02:15,Station_3,0
Line2,WO003,TYPEC,2023/1/1 02:15,Station_4,0
Line2,WO003,TYPEC,2023/1/1 02:15,Station_5,0
Line2,WO003,TYPEC,2023/1/1 02:20,Station_1,290
Line2,WO003,TYPEC,2023/1/1 02:20,Station_2,110
Line2,WO003,TYPEC,2023/1/1 02:20,Station_3,0
Line2,WO003,TYPEC,2023/1/1 02:20,Station_4,0
Line2,WO003,TYPEC,2023/1/1 02:20,Station_5,0
Line2,WO003,TYPEC,2023/1/1 02:25,Station_1,283
Line2,WO003,TYPEC,2023/1/1 02:25,Station_2,117
Line2,WO003,TYPEC,2023/1/1 02:25,Station_3,0
Line2,WO003,TYPEC,2023/1/1 02:25,Station_4,0
Line2,WO003,TYPEC,2023/1/1 02:25,Station_5,0
Line2,WO003,TYPEC,2023/1/1 02:30,Station_1,277
Line2,WO003,TYPEC,2023/1/1 02:30,Station_2,123
Line2,WO003,TYPEC,2023/1/1 02:30,Station_3,0
Line2,WO003,TYPEC,2023/1/1 02:30,Station_4,0
Line2,WO003,TYPEC,2023/1/1 02:30,Station_5,0
Line2,WO003,TYPEC,2023/1/1 02:35,Station_1,272
Line2,WO003,TYPEC,2023/1/1 02:35,Station_2,128
Line2,WO003,TYPEC,2023/1/1 02:35,Station_3,0
Line2,WO003,TYPEC,2023/1/1 02:35,Station_4,0
Line2,WO003,TYPEC,2023/1/1 02:35,Station_5,0
Line2,WO003,TYPEC,2023/1/1 02:40,Station_1,270
Line2,WO003,TYPEC,2023/1/1 02:40,Station_2,130
Line2,WO003,TYPEC,2023/1/1 02:40,Station_3,0
Line2,WO003,TYPEC,2023/1/1 02:40,Station_4,0
Line2,WO003,TYPEC,2023/1/1 02:40,Station_5,0
Line2,WO003,TYPEC,2023/1/1 02:45,Station_1,263
Line2,WO003,TYPEC,2023/1/1 02:45,Station_2,137
Line2,WO003,TYPEC,2023/1/1 02:45,Station_3,0
Line2,WO003,TYPEC,2023/1/1 02:45,Station_4,0
Line2,WO003,TYPEC,2023/1/1 02:45,Station_5,0
Line2,WO003,TYPEC,2023/1/1 02:50,Station_1,257
Line2,WO003,TYPEC,2023/1/1 02:50,Station_2,143
Line2,WO003,TYPEC,2023/1/1 02:50,Station_3,0
Line2,WO003,TYPEC,2023/1/1 02:50,Station_4,0
Line2,WO003,TYPEC,2023/1/1 02:50,Station_5,0
Line2,WO003,TYPEC,2023/1/1 02:55,Station_1,252
Line2,WO003,TYPEC,2023/1/1 02:55,Station_2,148
Line2,WO003,TYPEC,2023/1/1 02:55,Station_3,0
Line2,WO003,TYPEC,2023/1/1 02:55,Station_4,0
Line2,WO003,TYPEC,2023/1/1 02:55,Station_5,0
Line2,WO003,TYPEC,2023/1/1 03:00,Station_1,246
Line2,WO003,TYPEC,2023/1/1 03:00,Station_2,154
Line2,WO003,TYPEC,2023/1/1 03:00,Station_3,0
Line2,WO003,TYPEC,2023/1/1 03:00,Station_4,0
Line2,WO003,TYPEC,2023/1/1 03:00,Station_5,0
Line2,WO003,TYPEC,2023/1/1 03:05,Station_1,239
Line2,WO003,TYPEC,2023/1/1 03:05,Station_2,161
Line2,WO003,TYPEC,2023/1/1 03:05,Station_3,0
Line2,WO003,TYPEC,2023/1/1 03:05,Station_4,0
Line2,WO003,TYPEC,2023/1/1 03:05,Station_5,0
Line2,WO003,TYPEC,2023/1/1 03:10,Station_1,233
Line2,WO003,TYPEC,2023/1/1 03:10,Station_2,167
Line2,WO003,TYPEC,2023/1/1 03:10,Station_3,0
Line2,WO003,TYPEC,2023/1/1 03:10,Station_4,0
Line2,WO003,TYPEC,2023/1/1 03:10,Station_5,0
Line2,WO003,TYPEC,2023/1/1 03:15,Station_1,226
Line2,WO003,TYPEC,2023/1/1 03:15,Station_2,174
Line2,WO003,TYPEC,2023/1/1 03:15,Station_3,0
Line2,WO003,TYPEC,2023/1/1 03:15,Station_4,0
Line2,WO003,TYPEC,2023/1/1 03:15,Station_5,0
Line2,WO003,TYPEC,2023/1/1 03:20,Station_1,223
Line2,WO003,TYPEC,2023/1/1 03:20,Station_2,177
Line2,WO003,TYPEC,2023/1/1 03:20,Station_3,0
Line2,WO003,TYPEC,2023/1/1 03:20,Station_4,0
Line2,WO003,TYPEC,2023/1/1 03:20,Station_5,0
Line2,WO003,TYPEC,2023/1/1 03:25,Station_1,218
Line2,WO003,TYPEC,2023/1/1 03:25,Station_2,182
Line2,WO003,TYPEC,2023/1/1 03:25,Station_3,0
Line2,WO003,TYPEC,2023/1/1 03:25,Station_4,0
Line2,WO003,TYPEC,2023/1/1 03:25,Station_5,0
Line2,WO003,TYPEC,2023/1/1 03:30,Station_1,215
Line2,WO003,TYPEC,2023/1/1 03:30,Station_2,185
Line2,WO003,TYPEC,2023/1/1 03:30,Station_3,0
Line2,WO003,TYPEC,2023/1/1 03:30,Station_4,0
Line2,WO003,TYPEC,2023/1/1 03:30,Station_5,0
Line2,WO003,TYPEC,2023/1/1 03:35,Station_1,211
Line2,WO003,TYPEC,2023/1/1 03:35,Station_2,189
Line2,WO003,TYPEC,2023/1/1 03:35,Station_3,0
Line2,WO003,TYPEC,2023/1/1 03:35,Station_4,0
Line2,WO003,TYPEC,2023/1/1 03:35,Station_5,0
Line2,WO003,TYPEC,2023/1/1 03:40,Station_1,207
Line2,WO003,TYPEC,2023/1/1 03:40,Station_2,193
Line2,WO003,TYPEC,2023/1/1 03:40,Station_3,0
Line2,WO003,TYPEC,2023/1/1 03:40,Station_4,0
Line2,WO003,TYPEC,2023/1/1 03:40,Station_5,0
Line2,WO003,TYPEC,2023/1/1 03:45,Station_1,202
Line2,WO003,TYPEC,2023/1/1 03:45,Station_2,198
Line2,WO003,TYPEC,2023/1/1 03:45,Station_3,0
Line2,WO003,TYPEC,2023/1/1 03:45,Station_4,0
Line2,WO003,TYPEC,2023/1/1 03:45,Station_5,0
Line2,WO003,TYPEC,2023/1/1 03:50,Station_1,199
Line2,WO003,TYPEC,2023/1/1 03:50,Station_2,201
Line2,WO003,TYPEC,2023/1/1 03:50,Station_3,0
Line2,WO003,TYPEC,2023/1/1 03:50,Station_4,0
Line2,WO003,TYPEC,2023/1/1 03:50,Station_5,0
Line2,WO003,TYPEC,2023/1/1 03:55,Station_1,197
Line2,WO003,TYPEC,2023/1/1 03:55,Station_2,199
Line2,WO003,TYPEC,2023/1/1 03:55,Station_3,4
Line2,WO003,TYPEC,2023/1/1 03:55,Station_4,0
Line2,WO003,TYPEC,2023/1/1 03:55,Station_5,0
Line2,WO003,TYPEC,2023/1/1 04:00,Station_1,193
Line2,WO003,TYPEC,2023/1/1 04:00,Station_2,197
Line2,WO003,TYPEC,2023/1/1 04:00,Station_3,10
Line2,WO003,TYPEC,2023/1/1 04:00,Station_4,0
Line2,WO003,TYPEC,2023/1/1 04:00,Station_5,0
Line2,WO003,TYPEC,2023/1/1 04:05,Station_1,186
Line2,WO003,TYPEC,2023/1/1 04:05,Station_2,193
Line2,WO003,TYPEC,2023/1/1 04:05,Station_3,21
Line2,WO003,TYPEC,2023/1/1 04:05,Station_4,0
Line2,WO003,TYPEC,2023/1/1 04:05,Station_5,0
Line2,WO003,TYPEC,2023/1/1 04:10,Station_1,184
Line2,WO003,TYPEC,2023/1/1 04:10,Station_2,186
Line2,WO003,TYPEC,2023/1/1 04:10,Station_3,30
Line2,WO003,TYPEC,2023/1/1 04:10,Station_4,0
Line2,WO003,TYPEC,2023/1/1 04:10,Station_5,0
Line2,WO003,TYPEC,2023/1/1 04:15,Station_1,182
Line2,WO003,TYPEC,2023/1/1 04:15,Station_2,184
Line2,WO003,TYPEC,2023/1/1 04:15,Station_3,34
Line2,WO003,TYPEC,2023/1/1 04:15,Station_4,0
Line2,WO003,TYPEC,2023/1/1 04:15,Station_5,0
Line2,WO003,TYPEC,2023/1/1 04:20,Station_1,179
Line2,WO003,TYPEC,2023/1/1 04:20,Station_2,182
Line2,WO003,TYPEC,2023/1/1 04:20,Station_3,39
Line2,WO003,TYPEC,2023/1/1 04:20,Station_4,0
Line2,WO003,TYPEC,2023/1/1 04:20,Station_5,0
Line2,WO003,TYPEC,2023/1/1 04:25,Station_1,174
Line2,WO003,TYPEC,2023/1/1 04:25,Station_2,179
Line2,WO003,TYPEC,2023/1/1 04:25,Station_3,47
Line2,WO003,TYPEC,2023/1/1 04:25,Station_4,0
Line2,WO003,TYPEC,2023/1/1 04:25,Station_5,0
Line2,WO003,TYPEC,2023/1/1 04:30,Station_1,171
Line2,WO003,TYPEC,2023/1/1 04:30,Station_2,174
Line2,WO003,TYPEC,2023/1/1 04:30,Station_3,55
Line2,WO003,TYPEC,2023/1/1 04:30,Station_4,0
Line2,WO003,TYPEC,2023/1/1 04:30,Station_5,0
Line2,WO003,TYPEC,2023/1/1 04:35,Station_1,166
Line2,WO003,TYPEC,2023/1/1 04:35,Station_2,171
Line2,WO003,TYPEC,2023/1/1 04:35,Station_3,63
Line2,WO003,TYPEC,2023/1/1 04:35,Station_4,0
Line2,WO003,TYPEC,2023/1/1 04:35,Station_5,0
Line2,WO003,TYPEC,2023/1/1 04:40,Station_1,160
Line2,WO003,TYPEC,2023/1/1 04:40,Station_2,166
Line2,WO003,TYPEC,2023/1/1 04:40,Station_3,74
Line2,WO003,TYPEC,2023/1/1 04:40,Station_4,0
Line2,WO003,TYPEC,2023/1/1 04:40,Station_5,0
Line2,WO003,TYPEC,2023/1/1 04:45,Station_1,157
Line2,WO003,TYPEC,2023/1/1 04:45,Station_2,160
Line2,WO003,TYPEC,2023/1/1 04:45,Station_3,83
Line2,WO003,TYPEC,2023/1/1 04:45,Station_4,0
Line2,WO003,TYPEC,2023/1/1 04:45,Station_5,0
Line2,WO003,TYPEC,2023/1/1 04:50,Station_1,150
Line2,WO003,TYPEC,2023/1/1 04:50,Station_2,157
Line2,WO003,TYPEC,2023/1/1 04:50,Station_3,93
Line2,WO003,TYPEC,2023/1/1 04:50,Station_4,0
Line2,WO003,TYPEC,2023/1/1 04:50,Station_5,0
Line2,WO003,TYPEC,2023/1/1 04:55,Station_1,146
Line2,WO003,TYPEC,2023/1/1 04:55,Station_2,150
Line2,WO003,TYPEC,2023/1/1 04:55,Station_3,104
Line2,WO003,TYPEC,2023/1/1 04:55,Station_4,0
Line2,WO003,TYPEC,2023/1/1 04:55,Station_5,0
Line2,WO003,TYPEC,2023/1/1 05:00,Station_1,142
Line2,WO003,TYPEC,2023/1/1 05:00,Station_2,146
Line2,WO003,TYPEC,2023/1/1 05:00,Station_3,112
Line2,WO003,TYPEC,2023/1/1 05:00,Station_4,0
Line2,WO003,TYPEC,2023/1/1 05:00,Station_5,0
Line2,WO003,TYPEC,2023/1/1 05:05,Station_1,137
Line2,WO003,TYPEC,2023/1/1 05:05,Station_2,142
Line2,WO003,TYPEC,2023/1/1 05:05,Station_3,121
Line2,WO003,TYPEC,2023/1/1 05:05,Station_4,0
Line2,WO003,TYPEC,2023/1/1 05:05,Station_5,0
Line2,WO003,TYPEC,2023/1/1 05:10,Station_1,130
Line2,WO003,TYPEC,2023/1/1 05:10,Station_2,137
Line2,WO003,TYPEC,2023/1/1 05:10,Station_3,133
Line2,WO003,TYPEC,2023/1/1 05:10,Station_4,0
Line2,WO003,TYPEC,2023/1/1 05:10,Station_5,0
Line2,WO003,TYPEC,2023/1/1 05:15,Station_1,126
Line2,WO003,TYPEC,2023/1/1 05:15,Station_2,130
Line2,WO003,TYPEC,2023/1/1 05:15,Station_3,137
Line2,WO003,TYPEC,2023/1/1 05:15,Station_4,7
Line2,WO003,TYPEC,2023/1/1 05:15,Station_5,0
Line2,WO003,TYPEC,2023/1/1 05:20,Station_1,119
Line2,WO003,TYPEC,2023/1/1 05:20,Station_2,126
Line2,WO003,TYPEC,2023/1/1 05:20,Station_3,130
Line2,WO003,TYPEC,2023/1/1 05:20,Station_4,25
Line2,WO003,TYPEC,2023/1/1 05:20,Station_5,0
Line2,WO003,TYPEC,2023/1/1 05:25,Station_1,114
Line2,WO003,TYPEC,2023/1/1 05:25,Station_2,119
Line2,WO003,TYPEC,2023/1/1 05:25,Station_3,126
Line2,WO003,TYPEC,2023/1/1 05:25,Station_4,41
Line2,WO003,TYPEC,2023/1/1 05:25,Station_5,0
Line2,WO003,TYPEC,2023/1/1 05:30,Station_1,111
Line2,WO003,TYPEC,2023/1/1 05:30,Station_2,114
Line2,WO003,TYPEC,2023/1/1 05:30,Station_3,119
Line2,WO003,TYPEC,2023/1/1 05:30,Station_4,56
Line2,WO003,TYPEC,2023/1/1 05:30,Station_5,0
Line2,WO003,TYPEC,2023/1/1 05:35,Station_1,109
Line2,WO003,TYPEC,2023/1/1 05:35,Station_2,111
Line2,WO003,TYPEC,2023/1/1 05:35,Station_3,114
Line2,WO003,TYPEC,2023/1/1 05:35,Station_4,66
Line2,WO003,TYPEC,2023/1/1 05:35,Station_5,0
Line2,WO003,TYPEC,2023/1/1 05:40,Station_1,107
Line2,WO003,TYPEC,2023/1/1 05:40,Station_2,109
Line2,WO003,TYPEC,2023/1/1 05:40,Station_3,111
Line2,WO003,TYPEC,2023/1/1 05:40,Station_4,73
Line2,WO003,TYPEC,2023/1/1 05:40,Station_5,0
Line2,WO003,TYPEC,2023/1/1 05:45,Station_1,105
Line2,WO003,TYPEC,2023/1/1 05:45,Station_2,107
Line2,WO003,TYPEC,2023/1/1 05:45,Station_3,109
Line2,WO003,TYPEC,2023/1/1 05:45,Station_4,79
Line2,WO003,TYPEC,2023/1/1 05:45,Station_5,0
Line2,WO003,TYPEC,2023/1/1 05:50,Station_1,99
Line2,WO003,TYPEC,2023/1/1 05:50,Station_2,105
Line2,WO003,TYPEC,2023/1/1 05:50,Station_3,107
Line2,WO003,TYPEC,2023/1/1 05:50,Station_4,89
Line2,WO003,TYPEC,2023/1/1 05:50,Station_5,0
Line2,WO003,TYPEC,2023/1/1 05:55,Station_1,95
Line2,WO003,TYPEC,2023/1/1 05:55,Station_2,99
Line2,WO003,TYPEC,2023/1/1 05:55,Station_3,105
Line2,WO003,TYPEC,2023/1/1 05:55,Station_4,101
Line2,WO003,TYPEC,2023/1/1 05:55,Station_5,0
Line2,WO003,TYPEC,2023/1/1 06:00,Station_1,90
Line2,WO003,TYPEC,2023/1/1 06:00,Station_2,95
Line2,WO003,TYPEC,2023/1/1 06:00,Station_3,99
Line2,WO003,TYPEC,2023/1/1 06:00,Station_4,105
Line2,WO003,TYPEC,2023/1/1 06:00,Station_5,11
Line2,WO003,TYPEC,2023/1/1 06:05,Station_1,84
Line2,WO003,TYPEC,2023/1/1 06:05,Station_2,90
Line2,WO003,TYPEC,2023/1/1 06:05,Station_3,95
Line2,WO003,TYPEC,2023/1/1 06:05,Station_4,99
Line2,WO003,TYPEC,2023/1/1 06:05,Station_5,32
Line2,WO003,TYPEC,2023/1/1 06:10,Station_1,81
Line2,WO003,TYPEC,2023/1/1 06:10,Station_2,84
Line2,WO003,TYPEC,2023/1/1 06:10,Station_3,90
Line2,WO003,TYPEC,2023/1/1 06:10,Station_4,95
Line2,WO003,TYPEC,2023/1/1 06:10,Station_5,50
Line2,WO003,TYPEC,2023/1/1 06:15,Station_1,75
Line2,WO003,TYPEC,2023/1/1 06:15,Station_2,81
Line2,WO003,TYPEC,2023/1/1 06:15,Station_3,84
Line2,WO003,TYPEC,2023/1/1 06:15,Station_4,90
Line2,WO003,TYPEC,2023/1/1 06:15,Station_5,70
Line2,WO003,TYPEC,2023/1/1 06:20,Station_1,71
Line2,WO003,TYPEC,2023/1/1 06:20,Station_2,75
Line2,WO003,TYPEC,2023/1/1 06:20,Station_3,81
Line2,WO003,TYPEC,2023/1/1 06:20,Station_4,84
Line2,WO003,TYPEC,2023/1/1 06:20,Station_5,89
Line2,WO003,TYPEC,2023/1/1 06:25,Station_1,66
Line2,WO003,TYPEC,2023/1/1 06:25,Station_2,71
Line2,WO003,TYPEC,2023/1/1 06:25,Station_3,75
Line2,WO003,TYPEC,2023/1/1 06:25,Station_4,81
Line2,WO003,TYPEC,2023/1/1 06:25,Station_5,84
Line2,WO003,TYPEC,2023/1/1 06:30,Station_1,59
Line2,WO003,TYPEC,2023/1/1 06:30,Station_2,66
Line2,WO003,TYPEC,2023/1/1 06:30,Station_3,71
Line2,WO003,TYPEC,2023/1/1 06:30,Station_4,75
Line2,WO003,TYPEC,2023/1/1 06:30,Station_5,81
Line2,WO003,TYPEC,2023/1/1 06:35,Station_1,57
Line2,WO003,TYPEC,2023/1/1 06:35,Station_2,59
Line2,WO003,TYPEC,2023/1/1 06:35,Station_3,66
Line2,WO003,TYPEC,2023/1/1 06:35,Station_4,71
Line2,WO003,TYPEC,2023/1/1 06:35,Station_5,75
Line2,WO003,TYPEC,2023/1/1 06:40,Station_1,52
Line2,WO003,TYPEC,2023/1/1 06:40,Station_2,57
Line2,WO003,TYPEC,2023/1/1 06:40,Station_3,59
Line2,WO003,TYPEC,2023/1/1 06:40,Station_4,66
Line2,WO003,TYPEC,2023/1/1 06:40,Station_5,71
Line2,WO003,TYPEC,2023/1/1 06:45,Station_1,45
Line2,WO003,TYPEC,2023/1/1 06:45,Station_2,52
Line2,WO003,TYPEC,2023/1/1 06:45,Station_3,57
Line2,WO003,TYPEC,2023/1/1 06:45,Station_4,59
Line2,WO003,TYPEC,2023/1/1 06:45,Station_5,66
Line2,WO003,TYPEC,2023/1/1 06:50,Station_1,43
Line2,WO003,TYPEC,2023/1/1 06:50,Station_2,45
Line2,WO003,TYPEC,2023/1/1 06:50,Station_3,52
Line2,WO003,TYPEC,2023/1/1 06:50,Station_4,57
Line2,WO003,TYPEC,2023/1/1 06:50,Station_5,59
Line2,WO003,TYPEC,2023/1/1 06:55,Station_1,37
Line2,WO003,TYPEC,2023/1/1 06:55,Station_2,43
Line2,WO003,TYPEC,2023/1/1 06:55,Station_3,45
Line2,WO003,TYPEC,2023/1/1 06:55,Station_4,52
Line2,WO003,TYPEC,2023/1/1 06:55,Station_5,57
Line2,WO003,TYPEC,2023/1/1 07:00,Station_1,31
Line2,WO003,TYPEC,2023/1/1 07:00,Station_2,37
Line2,WO003,TYPEC,2023/1/1 07:00,Station_3,43
Line2,WO003,TYPEC,2023/1/1 07:00,Station_4,45
Line2,WO003,TYPEC,2023/1/1 07:00,Station_5,52
Line2,WO003,TYPEC,2023/1/1 07:05,Station_1,28
Line2,WO003,TYPEC,2023/1/1 07:05,Station_2,31
Line2,WO003,TYPEC,2023/1/1 07:05,Station_3,37
Line2,WO003,TYPEC,2023/1/1 07:05,Station_4,43
Line2,WO003,TYPEC,2023/1/1 07:05,Station_5,45
Line2,WO003,TYPEC,2023/1/1 07:10,Station_1,21
Line2,WO003,TYPEC,2023/1/1 07:10,Station_2,28
Line2,WO003,TYPEC,2023/1/1 07:10,Station_3,31
Line2,WO003,TYPEC,2023/1/1 07:10,Station_4,37
Line2,WO003,TYPEC,2023/1/1 07:10,Station_5,43
Line2,WO003,TYPEC,2023/1/1 07:15,Station_1,19
Line2,WO003,TYPEC,2023/1/1 07:15,Station_2,21
Line2,WO003,TYPEC,2023/1/1 07:15,Station_3,28
Line2,WO003,TYPEC,2023/1/1 07:15,Station_4,31
Line2,WO003,TYPEC,2023/1/1 07:15,Station_5,37
Line2,WO003,TYPEC,2023/1/1 07:20,Station_1,15
Line2,WO003,TYPEC,2023/1/1 07:20,Station_2,19
Line2,WO003,TYPEC,2023/1/1 07:20,Station_3,21
Line2,WO003,TYPEC,2023/1/1 07:20,Station_4,28
Line2,WO003,TYPEC,2023/1/1 07:20,Station_5,31
Line2,WO003,TYPEC,2023/1/1 07:25,Station_1,13
Line2,WO003,TYPEC,2023/1/1 07:25,Station_2,15
Line2,WO003,TYPEC,2023/1/1 07:25,Station_3,19
Line2,WO003,TYPEC,2023/1/1 07:25,Station_4,21
Line2,WO003,TYPEC,2023/1/1 07:25,Station_5,28
Line2,WO003,TYPEC,2023/1/1 07:30,Station_1,6
Line2,WO003,TYPEC,2023/1/1 07:30,Station_2,13
Line2,WO003,TYPEC,2023/1/1 07:30,Station_3,15
Line2,WO003,TYPEC,2023/1/1 07:30,Station_4,19
Line2,WO003,TYPEC,2023/1/1 07:30,Station_5,21
Line2,WO003,TYPEC,2023/1/1 07:35,Station_1,4
Line2,WO003,TYPEC,2023/1/1 07:35,Station_2,6
Line2,WO003,TYPEC,2023/1/1 07:35,Station_3,13
Line2,WO003,TYPEC,2023/1/1 07:35,Station_4,15
Line2,WO003,TYPEC,2023/1/1 07:35,Station_5,19
Line2,WO003,TYPEC,2023/1/1 07:40,Station_1,2
Line2,WO003,TYPEC,2023/1/1 07:40,Station_2,4
Line2,WO003,TYPEC,2023/1/1 07:40,Station_3,6
Line2,WO003,TYPEC,2023/1/1 07:40,Station_4,13
Line2,WO003,TYPEC,2023/1/1 07:40,Station_5,15
Line2,WO003,TYPEC,2023/1/1 07:45,Station_1,0
Line2,WO003,TYPEC,2023/1/1 07:45,Station_2,2
Line2,WO003,TYPEC,2023/1/1 07:45,Station_3,4
Line2,WO003,TYPEC,2023/1/1 07:45,Station_4,6
Line2,WO003,TYPEC,2023/1/1 07:45,Station_5,13
Line2,WO003,TYPEC,2023/1/1 07:50,Station_1,0
Line2,WO003,TYPEC,2023/1/1 07:50,Station_2,0
Line2,WO003,TYPEC,2023/1/1 07:50,Station_3,2
Line2,WO003,TYPEC,2023/1/1 07:50,Station_4,4
Line2,WO003,TYPEC,2023/1/1 07:50,Station_5,6
Line2,WO003,TYPEC,2023/1/1 07:55,Station_1,0
Line2,WO003,TYPEC,2023/1/1 07:55,Station_2,0
Line2,WO003,TYPEC,2023/1/1 07:55,Station_3,0
Line2,WO003,TYPEC,2023/1/1 07:55,Station_4,2
Line2,WO003,TYPEC,2023/1/1 07:55,Station_5,4
Line2,WO003,TYPEC,2023/1/1 08:00,Station_1,0
Line2,WO003,TYPEC,2023/1/1 08:00,Station_2,0
Line2,WO003,TYPEC,2023/1/1 08:00,Station_3,0
Line2,WO003,TYPEC,2023/1/1 08:00,Station_4,0
Line2,WO003,TYPEC,2023/1/1 08:00,Station_5,2
Line2,WO003,TYPEC,2023/1/1 08:05,Station_1,0
Line2,WO003,TYPEC,2023/1/1 08:05,Station_2,0
Line2,WO003,TYPEC,2023/1/1 08:05,Station_3,0
Line2,WO003,TYPEC,2023/1/1 08:05,Station_4,0
Line2,WO003,TYPEC,2023/1/1 08:05,Station_5,0
Line2,WO003,TYPEC,2023/1/1 08:10,Station_1,0
Line2,WO003,TYPEC,2023/1/1 08:10,Station_2,0
Line2,WO003,TYPEC,2023/1/1 08:10,Station_3,0
Line2,WO003,TYPEC,2023/1/1 08:10,Station_4,0
Line2,WO003,TYPEC,2023/1/1 08:10,Station_5,0
Line2,WO003,TYPEC,2023/1/1 08:15,Station_1,0
Line2,WO003,TYPEC,2023/1/1 08:15,Station_2,0
Line2,WO003,TYPEC,2023/1/1 08:15,Station_3,0
Line2,WO003,TYPEC,2023/1/1 08:15,Station_4,0
Line2,WO003,TYPEC,2023/1/1 08:15,Station_5,0
Line2,WO004,TYPEB,2023/1/1 08:00,Station_1,200
Line2,WO004,TYPEB,2023/1/1 08:00,Station_2,0
Line2,WO004,TYPEB,2023/1/1 08:00,Station_3,0
Line2,WO004,TYPEB,2023/1/1 08:05,Station_1,188
Line2,WO004,TYPEB,2023/1/1 08:05,Station_2,12
Line2,WO004,TYPEB,2023/1/1 08:05,Station_3,0
Line2,WO004,TYPEB,2023/1/1 08:10,Station_1,179
Line2,WO004,TYPEB,2023/1/1 08:10,Station_2,21
Line2,WO004,TYPEB,2023/1/1 08:10,Station_3,0
Line2,WO004,TYPEB,2023/1/1 08:15,Station_1,172
Line2,WO004,TYPEB,2023/1/1 08:15,Station_2,28
Line2,WO004,TYPEB,2023/1/1 08:15,Station_3,0
Line2,WO004,TYPEB,2023/1/1 08:20,Station_1,164
Line2,WO004,TYPEB,2023/1/1 08:20,Station_2,36
Line2,WO004,TYPEB,2023/1/1 08:20,Station_3,0
Line2,WO004,TYPEB,2023/1/1 08:25,Station_1,156
Line2,WO004,TYPEB,2023/1/1 08:25,Station_2,44
Line2,WO004,TYPEB,2023/1/1 08:25,Station_3,0
Line2,WO004,TYPEB,2023/1/1 08:30,Station_1,148
Line2,WO004,TYPEB,2023/1/1 08:30,Station_2,52
Line2,WO004,TYPEB,2023/1/1 08:30,Station_3,0
Line2,WO004,TYPEB,2023/1/1 08:35,Station_1,137
Line2,WO004,TYPEB,2023/1/1 08:35,Station_2,63
Line2,WO004,TYPEB,2023/1/1 08:35,Station_3,0
Line2,WO004,TYPEB,2023/1/1 08:40,Station_1,128
Line2,WO004,TYPEB,2023/1/1 08:40,Station_2,72
Line2,WO004,TYPEB,2023/1/1 08:40,Station_3,0
Line2,WO004,TYPEB,2023/1/1 08:45,Station_1,121
Line2,WO004,TYPEB,2023/1/1 08:45,Station_2,79
Line2,WO004,TYPEB,2023/1/1 08:45,Station_3,0
Line2,WO004,TYPEB,2023/1/1 08:50,Station_1,112
Line2,WO004,TYPEB,2023/1/1 08:50,Station_2,88
Line2,WO004,TYPEB,2023/1/1 08:50,Station_3,0
Line2,WO004,TYPEB,2023/1/1 08:55,Station_1,101
Line2,WO004,TYPEB,2023/1/1 08:55,Station_2,99
Line2,WO004,TYPEB,2023/1/1 08:55,Station_3,0
Line2,WO004,TYPEB,2023/1/1 09:00,Station_1,93
Line2,WO004,TYPEB,2023/1/1 09:00,Station_2,101
Line2,WO004,TYPEB,2023/1/1 09:00,Station_3,6
Line2,WO004,TYPEB,2023/1/1 09:05,Station_1,84
Line2,WO004,TYPEB,2023/1/1 09:05,Station_2,93
Line2,WO004,TYPEB,2023/1/1 09:05,Station_3,23
Line2,WO004,TYPEB,2023/1/1 09:10,Station_1,75
Line2,WO004,TYPEB,2023/1/1 09:10,Station_2,84
Line2,WO004,TYPEB,2023/1/1 09:10,Station_3,41
Line2,WO004,TYPEB,2023/1/1 09:15,Station_1,68
Line2,WO004,TYPEB,2023/1/1 09:15,Station_2,75
Line2,WO004,TYPEB,2023/1/1 09:15,Station_3,57
Line2,WO004,TYPEB,2023/1/1 09:20,Station_1,57
Line2,WO004,TYPEB,2023/1/1 09:20,Station_2,68
Line2,WO004,TYPEB,2023/1/1 09:20,Station_3,75
Line2,WO004,TYPEB,2023/1/1 09:25,Station_1,48
Line2,WO004,TYPEB,2023/1/1 09:25,Station_2,57
Line2,WO004,TYPEB,2023/1/1 09:25,Station_3,68
Line2,WO004,TYPEB,2023/1/1 09:30,Station_1,37
Line2,WO004,TYPEB,2023/1/1 09:30,Station_2,48
Line2,WO004,TYPEB,2023/1/1 09:30,Station_3,57
Line2,WO004,TYPEB,2023/1/1 09:35,Station_1,27
Line2,WO004,TYPEB,2023/1/1 09:35,Station_2,37
Line2,WO004,TYPEB,2023/1/1 09:35,Station_3,48
Line2,WO004,TYPEB,2023/1/1 09:40,Station_1,17
Line2,WO004,TYPEB,2023/1/1 09:40,Station_2,27
Line2,WO004,TYPEB,2023/1/1 09:40,Station_3,37
Line2,WO004,TYPEB,2023/1/1 09:45,Station_1,10
Line2,WO004,TYPEB,2023/1/1 09:45,Station_2,17
Line2,WO004,TYPEB,2023/1/1 09:45,Station_3,27
Line2,WO004,TYPEB,2023/1/1 09:50,Station_1,0
Line2,WO004,TYPEB,2023/1/1 09:50,Station_2,10
Line2,WO004,TYPEB,2023/1/1 09:50,Station_3,17
Line2,WO004,TYPEB,2023/1/1 09:55,Station_1,0
Line2,WO004,TYPEB,2023/1/1 09:55,Station_2,0
Line2,WO004,TYPEB,2023/1/1 09:55,Station_3,10
Line2,WO004,TYPEB,2023/1/1 10:00,Station_1,0
Line2,WO004,TYPEB,2023/1/1 10:00,Station_2,0
Line2,WO004,TYPEB,2023/1/1 10:00,Station_3,0
Line2,WO004,TYPEB,2023/1/1 10:05,Station_1,0
Line2,WO004,TYPEB,2023/1/1 10:05,Station_2,0
Line2,WO004,TYPEB,2023/1/1 10:05,Station_3,0
Line2,WO004,TYPEB,2023/1/1 10:10,Station_1,0
Line2,WO004,TYPEB,2023/1/1 10:10,Station_2,0
Line2,WO004,TYPEB,2023/1/1 10:10,Station_3,0
Line2,WO004,TYPEB,2023/1/1 10:15,Station_1,0
Line2,WO004,TYPEB,2023/1/1 10:15,Station_2,0
Line2,WO004,TYPEB,2023/1/1 10:15,Station_3,0
Line2,WO004,TYPEB,2023/1/1 10:20,Station_1,0
Line2,WO004,TYPEB,2023/1/1 10:20,Station_2,0
Line2,WO004,TYPEB,2023/1/1 10:20,Station_3,0
Line2,WO004,TYPEB,2023/1/1 10:25,Station_1,0
Line2,WO004,TYPEB,2023/1/1 10:25,Station_2,0
Line2,WO004,TYPEB,2023/1/1 10:25,Station_3,0
Line2,WO004,TYPEB,2023/1/1 10:30,Station_1,0
Line2,WO004,TYPEB,2023/1/1 10:30,Station_2,0
Line2,WO004,TYPEB,2023/1/1 10:30,Station_3,0
Line2,WO004,TYPEB,2023/1/1 10:35,Station_1,0
Line2,WO004,TYPEB,2023/1/1 10:35,Station_2,0
Line2,WO004,TYPEB,2023/1/1 10:35,Station_3,0
Line2,WO004,TYPEB,2023/1/1 10:40,Station_1,0
Line2,WO004,TYPEB,2023/1/1 10:40,Station_2,0
Line2,WO004,TYPEB,2023/1/1 10:40,Station_3,0
Line2,WO004,TYPEB,2023/1/1 10:45,Station_1,0
Line2,WO004,TYPEB,2023/1/1 10:45,Station_2,0
Line2,WO004,TYPEB,2023/1/1 10:45,Station_3,0
Line2,WO004,TYPEB,2023/1/1 10:50,Station_1,0
Line2,WO004,TYPEB,2023/1/1 10:50,Station_2,0
Line2,WO004,TYPEB,2023/1/1 10:50,Station_3,0
Line2,WO004,TYPEB,2023/1/1 10:55,Station_1,0
Line2,WO004,TYPEB,2023/1/1 10:55,Station_2,0
Line2,WO004,TYPEB,2023/1/1 10:55,Station_3,0
Line2,WO004,TYPEB,2023/1/1 11:00,Station_1,0
Line2,WO004,TYPEB,2023/1/1 11:00,Station_2,0
Line2,WO004,TYPEB,2023/1/1 11:00,Station_3,0
Line2,WO004,TYPEB,2023/1/1 11:05,Station_1,0
Line2,WO004,TYPEB,2023/1/1 11:05,Station_2,0
Line2,WO004,TYPEB,2023/1/1 11:05,Station_3,0
Line2,WO004,TYPEB,2023/1/1 11:10,Station_1,0
Line2,WO004,TYPEB,2023/1/1 11:10,Station_2,0
Line2,WO004,TYPEB,2023/1/1 11:10,Station_3,0
Line2,WO004,TYPEB,2023/1/1 11:15,Station_1,0
Line2,WO004,TYPEB,2023/1/1 11:15,Station_2,0
Line2,WO004,TYPEB,2023/1/1 11:15,Station_3,0
Line2,WO004,TYPEB,2023/1/1 11:20,Station_1,0
Line2,WO004,TYPEB,2023/1/1 11:20,Station_2,0
Line2,WO004,TYPEB,2023/1/1 11:20,Station_3,0
Line2,WO004,TYPEB,2023/1/1 11:25,Station_1,0
Line2,WO004,TYPEB,2023/1/1 11:25,Station_2,0
Line2,WO004,TYPEB,2023/1/1 11:25,Station_3,0
Line2,WO004,TYPEB,2023/1/1 11:30,Station_1,0
Line2,WO004,TYPEB,2023/1/1 11:30,Station_2,0
Line2,WO004,TYPEB,2023/1/1 11:30,Station_3,0
Line2,WO004,TYPEB,2023/1/1 11:35,Station_1,0
Line2,WO004,TYPEB,2023/1/1 11:35,Station_2,0
Line2,WO004,TYPEB,2023/1/1 11:35,Station_3,0
Line2,WO004,TYPEB,2023/1/1 11:40,Station_1,0
Line2,WO004,TYPEB,2023/1/1 11:40,Station_2,0
Line2,WO004,TYPEB,2023/1/1 11:40,Station_3,0
Line2,WO004,TYPEB,2023/1/1 11:45,Station_1,0
Line2,WO004,TYPEB,2023/1/1 11:45,Station_2,0
Line2,WO004,TYPEB,2023/1/1 11:45,Station_3,0
Line2,WO004,TYPEB,2023/1/1 11:50,Station_1,0
Line2,WO004,TYPEB,2023/1/1 11:50,Station_2,0
Line2,WO004,TYPEB,2023/1/1 11:50,Station_3,0
Line2,WO004,TYPEB,2023/1/1 11:55,Station_1,0
Line2,WO004,TYPEB,2023/1/1 11:55,Station_2,0
Line2,WO004,TYPEB,2023/1/1 11:55,Station_3,0
Line2,WO004,TYPEB,2023/1/1 12:00,Station_1,0
Line2,WO004,TYPEB,2023/1/1 12:00,Station_2,0
Line2,WO004,TYPEB,2023/1/1 12:00,Station_3,0
Line2,WO004,TYPEB,2023/1/1 12:05,Station_1,0
Line2,WO004,TYPEB,2023/1/1 12:05,Station_2,0
Line2,WO004,TYPEB,2023/1/1 12:05,Station_3,0
Line2,WO004,TYPEB,2023/1/1 12:10,Station_1,0
Line2,WO004,TYPEB,2023/1/1 12:10,Station_2,0
Line2,WO004,TYPEB,2023/1/1 12:10,Station_3,0
Line2,WO004,TYPEB,2023/1/1 12:15,Station_1,0
Line2,WO004,TYPEB,2023/1/1 12:15,Station_2,0
Line2,WO004,TYPEB,2023/1/1 12:15,Station_3,0
Line2,WO004,TYPEB,2023/1/1 12:20,Station_1,0
Line2,WO004,TYPEB,2023/1/1 12:20,Station_2,0
Line2,WO004,TYPEB,2023/1/1 12:20,Station_3,0
Line2,WO004,TYPEB,2023/1/1 12:25,Station_1,0
Line2,WO004,TYPEB,2023/1/1 12:25,Station_2,0
Line2,WO004,TYPEB,2023/1/1 12:25,Station_3,0
Line2,WO004,TYPEB,2023/1/1 12:30,Station_1,0
Line2,WO004,TYPEB,2023/1/1 12:30,Station_2,0
Line2,WO004,TYPEB,2023/1/1 12:30,Station_3,0
Line2,WO004,TYPEB,2023/1/1 12:35,Station_1,0
Line2,WO004,TYPEB,2023/1/1 12:35,Station_2,0
Line2,WO004,TYPEB,2023/1/1 12:35,Station_3,0
Line2,WO004,TYPEB,2023/1/1 12:40,Station_1,0
Line2,WO004,TYPEB,2023/1/1 12:40,Station_2,0
Line2,WO004,TYPEB,2023/1/1 12:40,Station_3,0
Line2,WO004,TYPEB,2023/1/1 12:45,Station_1,0
Line2,WO004,TYPEB,2023/1/1 12:45,Station_2,0
Line2,WO004,TYPEB,2023/1/1 12:45,Station_3,0
Line2,WO004,TYPEB,2023/1/1 12:50,Station_1,0
Line2,WO004,TYPEB,2023/1/1 12:50,Station_2,0
Line2,WO004,TYPEB,2023/1/1 12:50,Station_3,0
Line2,WO004,TYPEB,2023/1/1 12:55,Station_1,0
Line2,WO004,TYPEB,2023/1/1 12:55,Station_2,0
Line2,WO004,TYPEB,2023/1/1 12:55,Station_3,0
Line2,WO004,TYPEB,2023/1/1 13:00,Station_1,0
Line2,WO004,TYPEB,2023/1/1 13:00,Station_2,0
Line2,WO004,TYPEB,2023/1/1 13:00,Station_3,0
Line2,WO004,TYPEB,2023/1/1 13:05,Station_1,0
Line2,WO004,TYPEB,2023/1/1 13:05,Station_2,0
Line2,WO004,TYPEB,2023/1/1 13:05,Station_3,0
Line2,WO004,TYPEB,2023/1/1 13:10,Station_1,0
Line2,WO004,TYPEB,2023/1/1 13:10,Station_2,0
Line2,WO004,TYPEB,2023/1/1 13:10,Station_3,0
Line2,WO004,TYPEB,2023/1/1 13:15,Station_1,0
Line2,WO004,TYPEB,2023/1/1 13:15,Station_2,0
Line2,WO004,TYPEB,2023/1/1 13:15,Station_3,0
Line2,WO004,TYPEB,2023/1/1 13:20,Station_1,0
Line2,WO004,TYPEB,2023/1/1 13:20,Station_2,0
Line2,WO004,TYPEB,2023/1/1 13:20,Station_3,0
Line2,WO004,TYPEB,2023/1/1 13:25,Station_1,0
Line2,WO004,TYPEB,2023/1/1 13:25,Station_2,0
Line2,WO004,TYPEB,2023/1/1 13:25,Station_3,0
Line2,WO004,TYPEB,2023/1/1 13:30,Station_1,0
Line2,WO004,TYPEB,2023/1/1 13:30,Station_2,0
Line2,WO004,TYPEB,2023/1/1 13:30,Station_3,0
Line2,WO004,TYPEB,2023/1/1 13:35,Station_1,0
Line2,WO004,TYPEB,2023/1/1 13:35,Station_2,0
Line2,WO004,TYPEB,2023/1/1 13:35,Station_3,0
Line2,WO004,TYPEB,2023/1/1 13:40,Station_1,0
Line2,WO004,TYPEB,2023/1/1 13:40,Station_2,0
Line2,WO004,TYPEB,2023/1/1 13:40,Station_3,0
Line2,WO004,TYPEB,2023/1/1 13:45,Station_1,0
Line2,WO004,TYPEB,2023/1/1 13:45,Station_2,0
Line2,WO004,TYPEB,2023/1/1 13:45,Station_3,0
Line2,WO004,TYPEB,2023/1/1 13:50,Station_1,0
Line2,WO004,TYPEB,2023/1/1 13:50,Station_2,0
Line2,WO004,TYPEB,2023/1/1 13:50,Station_3,0
Line2,WO004,TYPEB,2023/1/1 13:55,Station_1,0
Line2,WO004,TYPEB,2023/1/1 13:55,Station_2,0
Line2,WO004,TYPEB,2023/1/1 13:55,Station_3,0
Line2,WO004,TYPEB,2023/1/1 14:00,Station_1,0
Line2,WO004,TYPEB,2023/1/1 14:00,Station_2,0
Line2,WO004,TYPEB,2023/1/1 14:00,Station_3,0
Line2,WO004,TYPEB,2023/1/1 14:05,Station_1,0
Line2,WO004,TYPEB,2023/1/1 14:05,Station_2,0
Line2,WO004,TYPEB,2023/1/1 14:05,Station_3,0
Line2,WO004,TYPEB,2023/1/1 14:10,Station_1,0
Line2,WO004,TYPEB,2023/1/1 14:10,Station_2,0
Line2,WO004,TYPEB,2023/1/1 14:10,Station_3,0
Line2,WO004,TYPEB,2023/1/1 14:15,Station_1,0
Line2,WO004,TYPEB,2023/1/1 14:15,Station_2,0
Line2,WO004,TYPEB,2023/1/1 14:15,Station_3,0
Line2,WO004,TYPEB,2023/1/1 14:20,Station_1,0
Line2,WO004,TYPEB,2023/1/1 14:20,Station_2,0
Line2,WO004,TYPEB,2023/1/1 14:20,Station_3,0
Line2,WO004,TYPEB,2023/1/1 14:25,Station_1,0
Line2,WO004,TYPEB,2023/1/1 14:25,Station_2,0
Line2,WO004,TYPEB,2023/1/1 14:25,Station_3,0
Line2,WO004,TYPEB,2023/1/1 14:30,Station_1,0
Line2,WO004,TYPEB,2023/1/1 14:30,Station_2,0
Line2,WO004,TYPEB,2023/1/1 14:30,Station_3,0
Line2,WO004,TYPEB,2023/1/1 14:35,Station_1,0
Line2,WO004,TYPEB,2023/1/1 14:35,Station_2,0
Line2,WO004,TYPEB,2023/1/1 14:35,Station_3,0
Line2,WO004,TYPEB,2023/1/1 14:40,Station_1,0
Line2,WO004,TYPEB,2023/1/1 14:40,Station_2,0
Line2,WO004,TYPEB,2023/1/1 14:40,Station_3,0
Line2,WO004,TYPEB,2023/1/1 14:45,Station_1,0
Line2,WO004,TYPEB,2023/1/1 14:45,Station_2,0
Line2,WO004,TYPEB,2023/1/1 14:45,Station_3,0
Line2,WO004,TYPEB,2023/1/1 14:50,Station_1,0
Line2,WO004,TYPEB,2023/1/1 14:50,Station_2,0
Line2,WO004,TYPEB,2023/1/1 14:50,Station_3,0
Line2,WO004,TYPEB,2023/1/1 14:55,Station_1,0
Line2,WO004,TYPEB,2023/1/1 14:55,Station_2,0
Line2,WO004,TYPEB,2023/1/1 14:55,Station_3,0
Line2,WO004,TYPEB,2023/1/1 15:00,Station_1,0
Line2,WO004,TYPEB,2023/1/1 15:00,Station_2,0
Line2,WO004,TYPEB,2023/1/1 15:00,Station_3,0
Line2,WO004,TYPEB,2023/1/1 15:05,Station_1,0
Line2,WO004,TYPEB,2023/1/1 15:05,Station_2,0
Line2,WO004,TYPEB,2023/1/1 15:05,Station_3,0
Line2,WO004,TYPEB,2023/1/1 15:10,Station_1,0
Line2,WO004,TYPEB,2023/1/1 15:10,Station_2,0
Line2,WO004,TYPEB,2023/1/1 15:10,Station_3,0
Line2,WO004,TYPEB,2023/1/1 15:15,Station_1,0
Line2,WO004,TYPEB,2023/1/1 15:15,Station_2,0
Line2,WO004,TYPEB,2023/1/1 15:15,Station_3,0
Line2,WO004,TYPEB,2023/1/1 15:20,Station_1,0
Line2,WO004,TYPEB,2023/1/1 15:20,Station_2,0
Line2,WO004,TYPEB,2023/1/1 15:20,Station_3,0
Line2,WO004,TYPEB,2023/1/1 15:25,Station_1,0
Line2,WO004,TYPEB,2023/1/1 15:25,Station_2,0
Line2,WO004,TYPEB,2023/1/1 15:25,Station_3,0
Line2,WO004,TYPEB,2023/1/1 15:30,Station_1,0
Line2,WO004,TYPEB,2023/1/1 15:30,Station_2,0
Line2,WO004,TYPEB,2023/1/1 15:30,Station_3,0
Line2,WO004,TYPEB,2023/1/1 15:35,Station_1,0
Line2,WO004,TYPEB,2023/1/1 15:35,Station_2,0
Line2,WO004,TYPEB,2023/1/1 15:35,Station_3,0
Line2,WO004,TYPEB,2023/1/1 15:40,Station_1,0
Line2,WO004,TYPEB,2023/1/1 15:40,Station_2,0
Line2,WO004,TYPEB,2023/1/1 15:40,Station_3,0
Line2,WO004,TYPEB,2023/1/1 15:45,Station_1,0
Line2,WO004,TYPEB,2023/1/1 15:45,Station_2,0
Line2,WO004,TYPEB,2023/1/1 15:45,Station_3,0
Line2,WO004,TYPEB,2023/1/1 15:50,Station_1,0
Line2,WO004,TYPEB,2023/1/1 15:50,Station_2,0
Line2,WO004,TYPEB,2023/1/1 15:50,Station_3,0
Line2,WO004,TYPEB,2023/1/1 15:55,Station_1,0
Line2,WO004,TYPEB,2023/1/1 15:55,Station_2,0
Line2,WO004,TYPEB,2023/1/1 15:55,Station_3,0
Line2,WO004,TYPEB,2023/1/1 16:00,Station_1,0
Line2,WO004,TYPEB,2023/1/1 16:00,Station_2,0
Line2,WO004,TYPEB,2023/1/1 16:00,Station_3,0
Line2,WO004,TYPEB,2023/1/1 16:05,Station_1,0
Line2,WO004,TYPEB,2023/1/1 16:05,Station_2,0
Line2,WO004,TYPEB,2023/1/1 16:05,Station_3,0
Line2,WO004,TYPEB,2023/1/1 16:10,Station_1,0
Line2,WO004,TYPEB,2023/1/1 16:10,Station_2,0
Line2,WO004,TYPEB,2023/1/1 16:10,Station_3,0
Line2,WO004,TYPEB,2023/1/1 16:15,Station_1,0
Line2,WO004,TYPEB,2023/1/1 16:15,Station_2,0
Line2,WO004,TYPEB,2023/1/1 16:15,Station_3,0
